model,part,draw,variant,accuracy,precision,attack_recall,f1,false_alarm_rate,source,n,clip,input_absmax,act_max
ton_near_iid,A_ft_draw,0,prune_ft_ptq,0.9878303860049439,0.9940560955977958,0.9901325932778292,0.9920904653030959,0.019912881144990666,,,,,
ton_near_iid,A_ft_draw,0,prune_ft_qat,0.9903974139570261,0.9928593413357957,0.9946962688868332,0.9937769562538509,0.024061398050197056,,,,,
ton_near_iid,A_ft_draw,1,prune_ft_ptq,0.9612568929454269,0.9937163375224417,0.9557816836262719,0.9743799314702462,0.020327732835511304,,,,,
ton_near_iid,A_ft_draw,1,prune_ft_qat,0.9826963301007796,0.9905911482513153,0.9869256860931237,0.9887550200803213,0.03152872847956856,,,,,
ton_near_iid,A_ft_draw,2,prune_ft_ptq,0.9825061798821069,0.9932764738840815,0.9839654640764725,0.9885990457897019,0.0224019912881145,,,,,
ton_near_iid,A_ft_draw,2,prune_ft_qat,0.9845027571781707,0.9906738311407572,0.9892075238976257,0.9899401345429859,0.03132130263430823,,,,,
ton_near_iid,A_ft_draw,3,prune_ft_ptq,0.9869747100209165,0.9927056932682203,0.9903792784458835,0.9915411212645099,0.024476249740717694,,,,,
ton_near_iid,A_ft_draw,3,prune_ft_qat,0.9814603536794068,0.9909412421666564,0.9849522047486895,0.9879376469132748,0.030284173408006636,,,,,
ton_near_iid,A_ft_draw,4,prune_ft_ptq,0.9626354820308043,0.994107474540447,0.957200123342584,0.9753047631016715,0.01908317776394939,,,,,
ton_near_iid,A_ft_draw,4,prune_ft_qat,0.9806522152500475,0.9908706992920134,0.9839654640764725,0.987406009221153,0.030491599253266957,,,,,
ton_near_iid,B_calib,0,,0.9841699942954935,0.9918246005202527,0.9876040703052729,0.9897098359135996,0.027380211574362167,pooled_rand,2000,none,50.9,24.39/162.45/126.82/1.0
ton_near_iid,B_calib,0,,0.9507035558090892,0.9870363239635477,0.948504471168671,0.9673868603956347,0.041900020742584525,pooled_rand,2000,3,50.9,24.39/162.45/126.82/1.0
ton_near_iid,B_calib,0,,0.9897318881916715,0.9912792482957686,0.9954363243909959,0.9933534371345929,0.02945447002696536,pooled_rand,2000,5,50.9,24.39/162.45/126.82/1.0
ton_near_iid,B_calib,0,,0.9898269633010078,0.9918239380340567,0.995004625346901,0.9934117357305585,0.027587637419622484,pooled_rand,2000,10,50.9,24.39/162.45/126.82/1.0
ton_near_iid,B_calib,0,,0.3106579197566077,0.9501050420168067,0.11156336725254394,0.19967989403388706,0.019705455299730345,client0,2000,none,180.2,86.11/501.74/487.3/1.0
ton_near_iid,B_calib,0,,0.952414907777144,0.989322012093143,0.948504471168671,0.9684833600957149,0.03443269031321303,client0,2000,3,180.2,86.11/501.74/487.3/1.0
ton_near_iid,B_calib,0,,0.9894466628636623,0.9912760336671377,0.9950662966389145,0.9931675489351224,0.02945447002696536,client0,2000,5,180.2,86.11/501.74/487.3/1.0
ton_near_iid,B_calib,0,,0.9902072637383533,0.9918884041049592,0.9954363243909959,0.9936591972420585,0.027380211574362167,client0,2000,10,180.2,86.11/501.74/487.3/1.0
ton_near_iid,B_calib,0,,0.33880015212017495,0.9604632587859425,0.14831945729263027,0.25695817084245953,0.020535158680771624,client1,2000,none,122.9,24.69/215.6/185.43/1.0
ton_near_iid,B_calib,0,,0.9507035558090892,0.9870363239635477,0.948504471168671,0.9673868603956347,0.041900020742584525,client1,2000,3,122.9,24.69/215.6/185.43/1.0
ton_near_iid,B_calib,0,,0.9898269633010078,0.9914010195933911,0.9954363243909959,0.9934145741014279,0.029039618336444722,client1,2000,5,122.9,24.69/215.6/185.43/1.0
ton_near_iid,B_calib,0,,0.9898269633010078,0.9918239380340567,0.995004625346901,0.9934117357305585,0.027587637419622484,client1,2000,10,122.9,24.69/215.6/185.43/1.0
ton_near_iid,B_calib,0,,0.8703650884198517,0.9537136706135629,0.8742522355843355,0.9122558640882912,0.14270898153909978,client2,2000,none,101.0,30.32/118.06/93.06/0.92
ton_near_iid,B_calib,0,,0.9507035558090892,0.9870363239635477,0.948504471168671,0.9673868603956347,0.041900020742584525,client2,2000,3,101.0,30.32/118.06/93.06/0.92
ton_near_iid,B_calib,0,,0.9897794257463396,0.9913401302051345,0.9954363243909959,0.9933840046773548,0.02924704418170504,client2,2000,5,101.0,30.32/118.06/93.06/0.92
ton_near_iid,B_calib,0,,0.9898269633010078,0.9918239380340567,0.995004625346901,0.9934117357305585,0.027587637419622484,client2,2000,10,101.0,30.32/118.06/93.06/0.92
ton_near_iid,B_calib,0,,0.49553146986119034,0.9814401099845335,0.35220474868948504,0.5183806843968413,0.0224019912881145,client3,2000,none,141.8,30.53/249.85/216.66/1.0
ton_near_iid,B_calib,0,,0.950656018254421,0.9869729833793236,0.948504471168671,0.9673564375117932,0.04210744658784484,client3,2000,3,141.8,30.53/249.85/216.66/1.0
ton_near_iid,B_calib,0,,0.9897794257463396,0.9913401302051345,0.9954363243909959,0.9933840046773548,0.02924704418170504,client3,2000,5,141.8,30.53/249.85/216.66/1.0
ton_near_iid,B_calib,0,,0.9898269633010078,0.9918239380340567,0.995004625346901,0.9934117357305585,0.027587637419622484,client3,2000,10,141.8,30.53/249.85/216.66/1.0
ton_near_iid,B_calib,1,,0.9842175318501616,0.9918860328275008,0.9876040703052729,0.9897404202719406,0.027172785729101846,pooled_rand,2000,none,50.5,27.21/180.07/144.51/1.0
ton_near_iid,B_calib,1,,0.9507035558090892,0.9870363239635477,0.948504471168671,0.9673868603956347,0.041900020742584525,pooled_rand,2000,3,50.5,27.21/180.07/144.51/1.0
ton_near_iid,B_calib,1,,0.9898269633010078,0.9914010195933911,0.9954363243909959,0.9934145741014279,0.029039618336444722,pooled_rand,2000,5,50.5,27.21/180.07/144.51/1.0
ton_near_iid,B_calib,1,,0.9898269633010078,0.9918239380340567,0.995004625346901,0.9934117357305585,0.027587637419622484,pooled_rand,2000,10,50.5,27.21/180.07/144.51/1.0
ton_near_iid,B_calib,1,,0.9459973378969386,0.9900552486187846,0.939377119950663,0.9640506329113925,0.031736154324828875,client0,2000,none,84.6,41.19/225.83/157.21/1.0
ton_near_iid,B_calib,1,,0.9507510933637574,0.987099672678262,0.948504471168671,0.967417285193106,0.04169259489732421,client0,2000,3,84.6,41.19/225.83/157.21/1.0
ton_near_iid,B_calib,1,,0.9897794257463396,0.9913401302051345,0.9954363243909959,0.9933840046773548,0.02924704418170504,client0,2000,5,84.6,41.19/225.83/157.21/1.0
ton_near_iid,B_calib,1,,0.9898269633010078,0.9918239380340567,0.995004625346901,0.9934117357305585,0.027587637419622484,client0,2000,10,84.6,41.19/225.83/157.21/1.0
ton_near_iid,B_calib,1,,0.3185966913861951,0.9510791366906475,0.12229417206290472,0.21672131147540982,0.021157436216552583,client1,2000,none,121.2,86.55/503.95/490.22/1.0
ton_near_iid,B_calib,1,,0.9502281802624073,0.9864032837352489,0.948504471168671,0.967082717640771,0.04397427919518772,client1,2000,3,121.2,86.55/503.95/490.22/1.0
ton_near_iid,B_calib,1,,0.9897794257463396,0.9913401302051345,0.9954363243909959,0.9933840046773548,0.02924704418170504,client1,2000,5,121.2,86.55/503.95/490.22/1.0
ton_near_iid,B_calib,1,,0.9898269633010078,0.9918239380340567,0.995004625346901,0.9934117357305585,0.027587637419622484,client1,2000,10,121.2,86.55/503.95/490.22/1.0
ton_near_iid,B_calib,1,,0.4902548012930215,0.9822620302072357,0.34492753623188405,0.5105664338856177,0.020950010371292262,client2,2000,none,169.2,63.4/316.25/192.39/1.0
ton_near_iid,B_calib,1,,0.9507035558090892,0.9870363239635477,0.948504471168671,0.9673868603956347,0.041900020742584525,client2,2000,3,169.2,63.4/316.25/192.39/1.0
ton_near_iid,B_calib,1,,0.9898269633010078,0.9914010195933911,0.9954363243909959,0.9934145741014279,0.029039618336444722,client2,2000,5,169.2,63.4/316.25/192.39/1.0
ton_near_iid,B_calib,1,,0.9898269633010078,0.9918239380340567,0.995004625346901,0.9934117357305585,0.027587637419622484,client2,2000,10,169.2,63.4/316.25/192.39/1.0
ton_near_iid,B_calib,1,,0.8705077010838562,0.9537230106948275,0.8744372494603762,0.9123608519400295,0.14270898153909978,client3,2000,none,101.0,30.53/119.06/94.08/1.0
ton_near_iid,B_calib,1,,0.9524624453318121,0.9893856545513027,0.948504471168671,0.9685138539042821,0.03422526446795271,client3,2000,3,101.0,30.53/119.06/94.08/1.0
ton_near_iid,B_calib,1,,0.9897794257463396,0.9913401302051345,0.9954363243909959,0.9933840046773548,0.02924704418170504,client3,2000,5,101.0,30.53/119.06/94.08/1.0
ton_near_iid,B_calib,1,,0.9898269633010078,0.9918239380340567,0.995004625346901,0.9934117357305585,0.027587637419622484,client3,2000,10,101.0,30.53/119.06/94.08/1.0
ton_near_iid,B_calib,2,,0.49054002662103063,0.9819424964936886,0.3454209065679926,0.5110634609243123,0.0213648620618129,pooled_rand,2000,none,168.4,40.75/178.58/143.57/1.0
ton_near_iid,B_calib,2,,0.9507035558090892,0.9870363239635477,0.948504471168671,0.9673868603956347,0.041900020742584525,pooled_rand,2000,3,168.4,40.75/178.58/143.57/1.0
ton_near_iid,B_calib,2,,0.9898269633010078,0.9914010195933911,0.9954363243909959,0.9934145741014279,0.029039618336444722,pooled_rand,2000,5,168.4,40.75/178.58/143.57/1.0
ton_near_iid,B_calib,2,,0.989874500855676,0.9918849133161195,0.995004625346901,0.993442320125612,0.027380211574362167,pooled_rand,2000,10,168.4,40.75/178.58/143.57/1.0
ton_near_iid,B_calib,2,,0.9899220384103442,0.9919458960959114,0.995004625346901,0.9934729064039409,0.027172785729101846,client0,2000,none,34.9,13.73/52.47/40.51/0.89
ton_near_iid,B_calib,2,,0.9524624453318121,0.9893856545513027,0.948504471168671,0.9685138539042821,0.03422526446795271,client0,2000,3,34.9,13.73/52.47/40.51/0.89
ton_near_iid,B_calib,2,,0.9898269633010078,0.9914010195933911,0.9954363243909959,0.9934145741014279,0.029039618336444722,client0,2000,5,34.9,13.73/52.47/40.51/0.89
ton_near_iid,B_calib,2,,0.9901597261836851,0.9918274548359346,0.9954363243909959,0.9936286127612423,0.027587637419622484,client0,2000,10,34.9,13.73/52.47/40.51/0.89
ton_near_iid,B_calib,2,,0.8912340749191862,0.9893878698432779,0.8682084489670059,0.9248456181842071,0.03132130263430823,client1,2000,none,98.5,35.0/328.74/387.58/1.0
ton_near_iid,B_calib,2,,0.9507510933637574,0.987099672678262,0.948504471168671,0.967417285193106,0.04169259489732421,client1,2000,3,98.5,35.0/328.74/387.58/1.0
ton_near_iid,B_calib,2,,0.9899220384103442,0.9915228208120892,0.9954363243909959,0.9934757185942019,0.02862476664592408,client1,2000,5,98.5,35.0/328.74/387.58/1.0
ton_near_iid,B_calib,2,,0.9897794257463396,0.9917629702483403,0.995004625346901,0.9933811532186066,0.027795063264882805,client1,2000,10,98.5,35.0/328.74/387.58/1.0
ton_near_iid,B_calib,2,,0.9744723331431832,0.9919051204819277,0.9748381128584643,0.9832975646169636,0.026757934038581208,client2,2000,none,43.0,25.2/173.95/133.93/1.0
ton_near_iid,B_calib,2,,0.9507035558090892,0.9870363239635477,0.948504471168671,0.9673868603956347,0.041900020742584525,client2,2000,3,43.0,25.2/173.95/133.93/1.0
ton_near_iid,B_calib,2,,0.9898269633010078,0.9914010195933911,0.9954363243909959,0.9934145741014279,0.029039618336444722,client2,2000,5,43.0,25.2/173.95/133.93/1.0
ton_near_iid,B_calib,2,,0.9898269633010078,0.9918239380340567,0.995004625346901,0.9934117357305585,0.027587637419622484,client2,2000,10,43.0,25.2/173.95/133.93/1.0
ton_near_iid,B_calib,2,,0.2751949039741396,0.9150943396226415,0.06580326857847672,0.12277774581439503,0.020535158680771624,client3,2000,none,141.8,86.13/503.07/487.54/1.0
ton_near_iid,B_calib,2,,0.9507510933637574,0.987099672678262,0.948504471168671,0.967417285193106,0.04169259489732421,client3,2000,3,141.8,86.13/503.07/487.54/1.0
ton_near_iid,B_calib,2,,0.9898269633010078,0.9914010195933911,0.9954363243909959,0.9934145741014279,0.029039618336444722,client3,2000,5,141.8,86.13/503.07/487.54/1.0
ton_near_iid,B_calib,2,,0.9898269633010078,0.9918239380340567,0.995004625346901,0.9934117357305585,0.027587637419622484,client3,2000,10,141.8,86.13/503.07/487.54/1.0
cic_near_iid,A_ft_draw,0,prune_ft_ptq,0.9505570013742501,0.7772956609485369,0.9948340436523312,0.8727128533393759,0.058536032560472205,,,,,
cic_near_iid,A_ft_draw,0,prune_ft_qat,0.9594266156440472,0.8120611714917765,0.9912765782583682,0.8927636761603654,0.04711430886154083,,,,,
cic_near_iid,A_ft_draw,1,prune_ft_ptq,0.9121460105739244,0.6615700343082731,0.9916288025548002,0.7936515394265149,0.10417711508043671,,,,,
cic_near_iid,A_ft_draw,1,prune_ft_qat,0.952155292263192,0.7828102348172156,0.9953388984772169,0.8763735979738461,0.05671318621966745,,,,,
cic_near_iid,A_ft_draw,2,prune_ft_ptq,0.9472163933835959,0.7651170761626439,0.9959376797811513,0.8654006049754899,0.06278934068901662,,,,,
cic_near_iid,A_ft_draw,2,prune_ft_qat,0.9545937360599629,0.7914932532054273,0.9958320124922218,0.8819819585618842,0.05387523629489603,,,,,
cic_near_iid,A_ft_draw,3,prune_ft_ptq,0.9485526365798576,0.7706736109846485,0.993742148333392,0.8681070159334151,0.060727788279773154,,,,,
cic_near_iid,A_ft_draw,3,prune_ft_qat,0.9547877713743902,0.7927955751466996,0.9945757458349477,0.8822959630046244,0.053383357123567766,,,,,
cic_near_iid,A_ft_draw,4,prune_ft_ptq,0.9584644405281761,0.8085342837160732,0.9908539091026499,0.890457499788976,0.04818728058331083,,,,,
cic_near_iid,A_ft_draw,4,prune_ft_qat,0.9483926074545568,0.7704719387755102,0.9928850692120742,0.8676519624691561,0.06074466648663246,,,,,
cic_near_iid,B_calib,0,,0.9399730750996681,0.7404353245757024,0.9972878729174739,0.8498789346246973,0.07179748080706763,pooled_rand,2000,none,61.2,85.59/209.19/168.06/1.0
cic_near_iid,B_calib,0,,0.9379167008395528,0.735053274168758,0.9938360748124405,0.8450771718946549,0.073567281354886,pooled_rand,2000,3,61.2,85.59/209.19/168.06/1.0
cic_near_iid,B_calib,0,,0.938402789307654,0.7347527282773864,0.9991664024984444,0.8467987084384344,0.07407603873307357,pooled_rand,2000,5,61.2,85.59/209.19/168.06/1.0
cic_near_iid,B_calib,0,,0.9375506342154272,0.7320402546017547,0.9992251065478497,0.845015464199014,0.07511525404112496,pooled_rand,2000,10,61.2,85.59/209.19/168.06/1.0
cic_near_iid,B_calib,0,,0.848476422708933,0.5294382219001631,0.9950688598499524,0.6911446908103436,0.18162879518537092,client0,2000,none,179.3,492.84/287.35/450.88/0.99
cic_near_iid,B_calib,0,,0.9310754557329434,0.7134032938087503,0.9953036760475737,0.8310996951010284,0.08211488754291887,client0,2000,3,179.3,492.84/287.35/450.88/0.99
cic_near_iid,B_calib,0,,0.9349221558323615,0.723847593128083,0.9992603289774928,0.839543681227898,0.07829076810308244,client0,2000,5,179.3,492.84/287.35/450.88/0.99
cic_near_iid,B_calib,0,,0.9396470157568677,0.7386452385497839,0.9993777370763035,0.8494543712670461,0.07261969059835655,client0,2000,10,179.3,492.84/287.35/450.88/0.99
cic_near_iid,B_calib,0,,0.9282629438557818,0.7039346892860983,0.9992016249280875,0.8259734461741527,0.08630550518884303,client1,2000,none,33.4,71.45/169.06/122.35/1.0
cic_near_iid,B_calib,0,,0.9384928056906356,0.7368920459986246,0.9938478156223216,0.8462953520690241,0.07287527487365457,client1,2000,3,33.4,71.45/169.06/122.35/1.0
cic_near_iid,B_calib,0,,0.9389748934306044,0.7365305733917167,0.999283810597255,0.8480204851268613,0.07341055514833533,client1,2000,5,33.4,71.45/169.06/122.35/1.0
cic_near_iid,B_calib,0,,0.9392969520452722,0.7375375843752978,0.9993425146466604,0.8487087446405424,0.07303441225261371,client1,2000,10,33.4,71.45/169.06/122.35/1.0
cic_near_iid,B_calib,0,,0.9339439778039603,0.7209432379532109,0.9989668087304663,0.8374837592031182,0.0794095521006134,client2,2000,none,29.4,66.32/160.72/105.82/1.0
cic_near_iid,B_calib,0,,0.9372845857946146,0.7330054635345865,0.9939417421013702,0.8437602782733499,0.07435091238763937,client2,2000,3,29.4,66.32/160.72/105.82/1.0
cic_near_iid,B_calib,0,,0.9375606360357585,0.7320398035623672,0.9993190330268982,0.8450487480391572,0.07512248755835037,client2,2000,5,29.4,66.32/160.72/105.82/1.0
cic_near_iid,B_calib,0,,0.9387728566599121,0.7358629215620164,0.9993542554565414,0.8476031148553106,0.07366855059604181,client2,2000,10,29.4,66.32/160.72/105.82/1.0
cic_near_iid,B_calib,0,,0.9227399386688377,0.6931374989627417,0.9807098493654093,0.8122207474608985,0.0891651556652907,client3,2000,none,79.9,161.87/226.18/289.99/1.0
cic_near_iid,B_calib,0,,0.9344360673642603,0.7235843823341156,0.9954563065760276,0.8380216261094746,0.07809546313799622,client3,2000,3,79.9,161.87/226.18/289.99/1.0
cic_near_iid,B_calib,0,,0.9369405231752179,0.7301050825648724,0.999283810597255,0.8437456629061997,0.07586271748775124,client3,2000,5,79.9,161.87/226.18/289.99/1.0
cic_near_iid,B_calib,0,,0.9377366680735894,0.7325662452559016,0.9994012186960657,0.8454288126334608,0.07492718259326415,client3,2000,10,79.9,161.87/226.18/289.99/1.0
cic_near_iid,B_calib,1,,0.9322216643429104,0.7160961963024757,0.9977575053127165,0.833782199394644,0.0812372207862351,pooled_rand,2000,none,61.2,84.69/122.81/133.04/1.0
cic_near_iid,B_calib,1,,0.9383607816622626,0.7364647949817733,0.9938595564322027,0.8460177698711734,0.07303682342502218,pooled_rand,2000,3,61.2,84.69/122.81/133.04/1.0
cic_near_iid,B_calib,1,,0.9381167372461788,0.7338426648500892,0.9991781433083254,0.846198208231001,0.07442324755989352,pooled_rand,2000,5,61.2,84.69/122.81/133.04/1.0
cic_near_iid,B_calib,1,,0.937402607274524,0.7315586804421447,0.9992720697873739,0.8447113118130164,0.07530332548898576,pooled_rand,2000,10,61.2,84.69/122.81/133.04/1.0
cic_near_iid,B_calib,1,,0.9325277200450482,0.7166367671459012,0.9989902903502283,0.8345790175768988,0.08112148451062845,client0,2000,none,40.7,105.15/116.46/110.27/1.0
cic_near_iid,B_calib,1,,0.9389668919743394,0.7384363058991852,0.9937891115729163,0.8472915279856256,0.07229177115080437,client0,2000,3,40.7,105.15/116.46/110.27/1.0
cic_near_iid,B_calib,1,,0.9340920047448635,0.7213317624322972,0.9991664024984444,0.8378160195321729,0.0792721152733305,client0,2000,5,40.7,105.15/116.46/110.27/1.0
cic_near_iid,B_calib,1,,0.9349001518276326,0.7238446030436299,0.9990607352095148,0.8394712178759927,0.0782763010686316,client0,2000,10,40.7,105.15/116.46/110.27/1.0
cic_near_iid,B_calib,1,,0.9353422322862761,0.7257080870545628,0.9975344299249762,0.8401821517040875,0.07742997955325798,client1,2000,none,61.2,83.57/153.61/137.34/1.0
cic_near_iid,B_calib,1,,0.9383167736528049,0.736344419023427,0.9938008523827974,0.8459170722444859,0.0730778133559662,client1,2000,3,61.2,83.57/153.61/137.34/1.0
cic_near_iid,B_calib,1,,0.9387268482863881,0.7358185465739684,0.9990607352095148,0.8474680928407456,0.07366372825122487,client1,2000,5,61.2,83.57/153.61/137.34/1.0
cic_near_iid,B_calib,1,,0.9382767663714796,0.7343290278604647,0.9992368473577308,0.8465425320283282,0.07424240962925813,client1,2000,10,61.2,83.57/153.61/137.34/1.0
cic_near_iid,B_calib,1,,0.9225819099076031,0.6880336001165323,0.998215396898078,0.8145958686237688,0.09295069634659156,client2,2000,none,26.8,161.33/222.86/485.45/1.0
cic_near_iid,B_calib,1,,0.9307513967542093,0.7125284814649773,0.994986674180785,0.830395375042869,0.08244039581806258,client2,2000,3,26.8,161.33/222.86/485.45/1.0
cic_near_iid,B_calib,1,,0.9303753283097523,0.710172504444055,0.9990842168292768,0.8302113211965111,0.08373519540141199,client2,2000,5,26.8,161.33/222.86/485.45/1.0
cic_near_iid,B_calib,1,,0.9359263385936241,0.7269628946289463,0.9992251065478497,0.8416227842468292,0.07707312603680413,client2,2000,10,26.8,161.33/222.86/485.45/1.0
cic_near_iid,B_calib,1,,0.8748652254710357,0.5767401144129044,0.997839690981884,0.7309812758564339,0.15038964546120906,client3,2000,none,179.3,493.27/300.05/277.2/1.0
cic_near_iid,B_calib,1,,0.9389608908821405,0.738412820266769,0.9938008523827974,0.8472803347280334,0.07230141584043825,client3,2000,3,179.3,493.27/300.05/277.2/1.0
cic_near_iid,B_calib,1,,0.9380527255960585,0.7336361990638173,0.9991898841182065,0.8460651369944726,0.07450281624937309,client3,2000,5,179.3,493.27/300.05/277.2/1.0
cic_near_iid,B_calib,1,,0.9370665461113923,0.7304959060713734,0.9992955514071361,0.8440107691621176,0.07571322479842599,client3,2000,10,179.3,493.27/300.05/277.2/1.0
cic_near_iid,B_calib,2,,0.9334198824186002,0.7195096156286751,0.9984502130956994,0.8363344905244731,0.07993518768566027,pooled_rand,2000,none,39.9,129.53/130.45/127.02/1.0
cic_near_iid,B_calib,2,,0.9385228111516296,0.7370130435539767,0.9937773707630352,0.8463495967883051,0.07282464025307665,pooled_rand,2000,3,39.9,129.53/130.45/127.02/1.0
cic_near_iid,B_calib,2,,0.9349921685746806,0.7241050687950443,0.9991311800688012,0.839671231795398,0.07817985417229273,pooled_rand,2000,5,39.9,129.53/130.45/127.02/1.0
cic_near_iid,B_calib,2,,0.9336639268346839,0.7200406142911537,0.9991194392589201,0.8369279792287494,0.07977846147910961,pooled_rand,2000,10,39.9,129.53/130.45/127.02/1.0
cic_near_iid,B_calib,2,,0.9159787081248787,0.6707133818411894,0.9956793819637678,0.8015103041873608,0.10038916322672736,client0,2000,none,141.7,165.01/199.51/137.87/1.0
cic_near_iid,B_calib,2,,0.9379227019317515,0.7350642584230636,0.9938595564322027,0.8450929202877209,0.07356487018247752,client0,2000,3,141.7,165.01/199.51/137.87/1.0
cic_near_iid,B_calib,2,,0.939178930565363,0.737185372529319,0.9992720697873739,0.8484501089085716,0.07316220439026272,client0,2000,5,141.7,165.01/199.51/137.87/1.0
cic_near_iid,B_calib,2,,0.9386788395487978,0.7355518302167225,0.9993894778861846,0.8474093689801242,0.07378910921646542,client0,2000,10,141.7,165.01/199.51/137.87/1.0
cic_near_iid,B_calib,2,,0.9298712365650549,0.7089814266532114,0.9980745071795052,0.8290487429050695,0.08413545002121832,client1,2000,none,61.2,99.04/135.29/128.2/1.0
cic_near_iid,B_calib,2,,0.9372665825180183,0.732924147722354,0.9940121869606565,0.8437317813311277,0.07438707997376644,client1,2000,3,61.2,99.04/135.29/128.2/1.0
cic_near_iid,B_calib,2,,0.9366744747544054,0.7292416298276275,0.9993777370763035,0.8432022268780617,0.07620269279734578,client1,2000,5,61.2,99.04/135.29/128.2/1.0
cic_near_iid,B_calib,2,,0.9383467791137987,0.7345103724414069,0.9993542554565414,0.8467051632124223,0.07418213031904633,client1,2000,10,61.2,99.04/135.29/128.2/1.0
cic_near_iid,B_calib,2,,0.18350539798243282,0.1710646912896301,0.9860988811008183,0.29155204104479554,0.9813206473515682,client2,2000,none,294.8,9608.99/4503.76/4930.32/1.0
cic_near_iid,B_calib,2,,0.9376906597000654,0.734328643059146,0.9938478156223216,0.8446023138285932,0.0738421550094518,client2,2000,3,294.8,9608.99/4503.76/4930.32/1.0
cic_near_iid,B_calib,2,,0.939140923648104,0.7371667691881167,0.9989785495403473,0.8483319707272328,0.07314773735581188,client2,2000,5,294.8,9608.99/4503.76/4930.32/1.0
cic_near_iid,B_calib,2,,0.930741394933878,0.7120172465859141,0.9965716835147288,0.83059911441642,0.08277795995524864,client2,2000,10,294.8,9608.99/4503.76/4930.32/1.0
cic_near_iid,B_calib,2,,0.9255864567351257,0.6963579655688991,0.998731992532845,0.8205758935031111,0.08943520697503954,client3,2000,none,56.7,80.25/139.76/125.73/1.0
cic_near_iid,B_calib,2,,0.9375526345794934,0.7338731350400083,0.9938947788618459,0.8443178871357043,0.07401817059527024,client3,2000,3,56.7,80.25/139.76/125.73/1.0
cic_near_iid,B_calib,2,,0.9384327947686479,0.7348073453107599,0.999283810597255,0.8468771455010399,0.0740639828710312,client3,2000,5,56.7,80.25/139.76/125.73/1.0
cic_near_iid,B_calib,2,,0.9380127183147333,0.7334292582476758,0.9994247003158278,0.8460116480152655,0.07459926314571197,client3,2000,10,56.7,80.25/139.76/125.73/1.0
