model,variant,draw,size_kb,selection,threshold,attack_recall,false_alarm_rate,precision,f1,accuracy,fn,fp,missed_by_type,val_far
cic_near_iid,fp32_federated,0,802.44,fixed 0.1,0.1,0.9998708510913082,0.2222546390957139,0.480221496681497,0.6488236728225757,0.8155904374596177,11,92177,,
cic_near_iid,fp32_federated,0,802.44,fixed 0.2,0.2,0.9997417021826166,0.11010136568805216,0.6509318574464507,0.7884826401588984,0.9086133676329092,22,45663,,
cic_near_iid,fp32_federated,0,802.44,fixed 0.3,0.3,0.9993894778861846,0.06837843833185447,0.7500969333803313,0.8569817722360095,0.9431676565134854,52,28359,"{""Bot"": 20, ""DDoS"": 9, ""Infiltration"": 7, ""PortScan"": 4, ""FTP-Patator"": 3, ""Web Attack \ufffd Brute Force"": 3, ""DoS Slowhttptest"": 2, ""DoS slowloris"": 2, ""Web Attack \ufffd Sql Injection"": 1, ""SSH-Patator"": 1}",
cic_near_iid,fp32_federated,0,802.44,val recall>=0.999,0.327601,0.9987906965822503,0.06302804675745534,0.7649491952162575,0.8663682701659512,0.9475044458091373,103,26140,"{""Bot"": 59, ""DDoS"": 10, ""Infiltration"": 7, ""DoS Slowhttptest"": 7, ""PortScan"": 5, ""FTP-Patator"": 5, ""SSH-Patator"": 3, ""DoS slowloris"": 3, ""Web Attack \ufffd Brute Force"": 3, ""Web Attack \ufffd Sql Injection"": 1}",0.061207944872314554
cic_near_iid,fp32_federated,0,802.44,val recall>=0.9995,0.314688,0.9992133657379686,0.06575026040662012,0.7573392658509455,0.861623504161014,0.9453180478847151,67,27269,"{""Bot"": 32, ""DDoS"": 9, ""Infiltration"": 7, ""PortScan"": 4, ""FTP-Patator"": 4, ""DoS Slowhttptest"": 3, ""Web Attack \ufffd Brute Force"": 3, ""SSH-Patator"": 2, ""DoS slowloris"": 2, ""Web Attack \ufffd Sql Injection"": 1}",0.06404539927036887
cic_near_iid,fp32_federated,0,802.44,val recall>=0.9999,0.269235,0.9995655900344006,0.07562160024690405,0.7307873887329505,0.8443016383037805,0.9371885683194341,37,31363,"{""Bot"": 11, ""DDoS"": 8, ""Infiltration"": 7, ""PortScan"": 3, ""FTP-Patator"": 3, ""DoS slowloris"": 2, ""Web Attack \ufffd Brute Force"": 2, ""Web Attack \ufffd Sql Injection"": 1}",0.07336846372111877
cic_near_iid,kdclip,0,65.43,fixed 0.1,0.1,0.9998591102814273,0.28881746460398905,0.4155330236552424,0.5870803848102661,0.7603663866823762,12,119783,,
cic_near_iid,kdclip,0,65.43,fixed 0.2,0.2,0.9988141782020123,0.09015614752517263,0.6946751263646979,0.8194340095166541,0.9250023504277779,101,37391,,
cic_near_iid,kdclip,0,65.43,fixed 0.3,0.3,0.9965716835147288,0.05976573048879287,0.7739814713498924,0.8712847911887128,0.949832869582264,292,24787,"{""Bot"": 122, ""DoS Hulk"": 58, ""DoS Slowhttptest"": 18, ""SSH-Patator"": 18, ""DoS slowloris"": 12, ""DoS GoldenEye"": 11, ""Infiltration"": 11, ""FTP-Patator"": 11, ""DDoS"": 10, ""PortScan"": 9, ""Heartbleed"": 5, ""Web Attack \ufffd Brute Force"": 4, ""Web Attack \ufffd Sql Injection"": 3}",
cic_near_iid,kdclip,0,65.43,val recall>=0.999,0.171875,0.9995773308442817,0.11620404305389452,0.6385386744268025,0.7792717753450739,0.9035224410842774,36,48194,"{""Bot"": 9, ""Infiltration"": 7, ""DoS slowloris"": 5, ""Heartbleed"": 5, ""PortScan"": 4, ""DoS Slowhttptest"": 3, ""DDoS"": 2, ""Web Attack \ufffd Brute Force"": 1}",0.11410620186461289
cic_near_iid,kdclip,0,65.43,val recall>=0.9995,0.171875,0.9995773308442817,0.11620404305389452,0.6385386744268025,0.7792717753450739,0.9035224410842774,36,48194,"{""Bot"": 9, ""Infiltration"": 7, ""DoS slowloris"": 5, ""Heartbleed"": 5, ""PortScan"": 4, ""DoS Slowhttptest"": 3, ""DDoS"": 2, ""Web Attack \ufffd Brute Force"": 1}",0.11410620186461289
cic_near_iid,kdclip,0,65.43,val recall>=0.9999,0.152344,0.9997064797529733,0.15841161606419504,0.5644659820878108,0.7215320735530888,0.8685280721091239,25,65699,"{""Bot"": 8, ""Infiltration"": 6, ""Heartbleed"": 4, ""PortScan"": 3, ""DoS slowloris"": 2, ""DDoS"": 1, ""DoS Slowhttptest"": 1}",0.1577827320632347
cic_near_iid,kdclip_p30,0,112.07,fixed 0.1,0.1,0.9999295551407136,0.34929449095328113,0.3702397927244905,0.5403911739978744,0.7102052573568389,6,144865,,
cic_near_iid,kdclip_p30,0,112.07,fixed 0.2,0.2,0.9996125532739248,0.08655385594691563,0.703421267876765,0.8257601474225306,0.928126919099276,33,35897,,
cic_near_iid,kdclip_p30,0,112.07,fixed 0.3,0.3,0.9972878729174739,0.0512012460939007,0.8000037672942351,0.887818134308858,0.9570601849536615,231,21235,"{""Bot"": 109, ""DoS Hulk"": 37, ""FTP-Patator"": 13, ""DoS slowloris"": 12, ""DoS GoldenEye"": 11, ""DDoS"": 10, ""Infiltration"": 10, ""PortScan"": 9, ""DoS Slowhttptest"": 6, ""Heartbleed"": 5, ""Web Attack \ufffd Brute Force"": 4, ""SSH-Patator"": 3, ""Web Attack \ufffd Sql Injection"": 2}",
cic_near_iid,kdclip_p30,0,112.07,val recall>=0.999,0.234375,0.9986498068636774,0.06763338605763666,0.7520069314283694,0.8579541156237865,0.9436597460737854,115,28050,"{""Bot"": 72, ""Infiltration"": 10, ""DoS slowloris"": 9, ""FTP-Patator"": 7, ""PortScan"": 6, ""DDoS"": 5, ""DoS Slowhttptest"": 3, ""DoS Hulk"": 1, ""Web Attack \ufffd Brute Force"": 1, ""SSH-Patator"": 1}",0.0671868666396433
cic_near_iid,kdclip_p30,0,112.07,val recall>=0.9995,0.21875,0.9994012186960657,0.07891767292928513,0.7222787903472152,0.8385371259697083,0.934426065543929,51,32730,"{""Bot"": 22, ""Infiltration"": 10, ""DoS slowloris"": 6, ""PortScan"": 5, ""FTP-Patator"": 3, ""DDoS"": 1, ""DoS Slowhttptest"": 1, ""DoS Hulk"": 1, ""Web Attack \ufffd Brute Force"": 1, ""SSH-Patator"": 1}",0.07802999594649372
cic_near_iid,kdclip_p30,0,112.07,val recall>=0.9999,0.191406,0.9996829981332113,0.10021555881331738,0.6719806801411108,0.8037114997970569,0.9168048584842441,27,41563,"{""Infiltration"": 9, ""Bot"": 7, ""PortScan"": 4, ""FTP-Patator"": 3, ""DoS slowloris"": 2, ""DoS Slowhttptest"": 1, ""Web Attack \ufffd Brute Force"": 1}",0.10042561815970814
cic_near_iid,kdclip_p0,0,206.75,fixed 0.1,0.1,0.9999647775703568,0.3409132556614328,0.3759285660688827,0.5464309086009778,0.7171645239433577,3,141389,,
cic_near_iid,kdclip_p0,0,206.75,fixed 0.2,0.2,0.9996712573233302,0.07992313182361792,0.7197866296960065,0.8369498439535055,0.9336379221018225,28,33147,,
cic_near_iid,kdclip_p0,0,206.75,fixed 0.3,0.3,0.9977105420731922,0.04966291809729563,0.8049064645986266,0.8909975465011428,0.9584084303343209,195,20597,"{""Bot"": 112, ""DoS Hulk"": 25, ""DoS GoldenEye"": 11, ""Infiltration"": 9, ""DDoS"": 8, ""DoS Slowhttptest"": 7, ""PortScan"": 6, ""DoS slowloris"": 5, ""FTP-Patator"": 4, ""SSH-Patator"": 3, ""Web Attack \ufffd Brute Force"": 3, ""Web Attack \ufffd Sql Injection"": 2}",
cic_near_iid,kdclip_p0,0,206.75,val recall>=0.999,0.257812,0.9988963638711799,0.05702422746036032,0.782486733070294,0.8775463894132088,0.9525033556107212,94,23650,"{""Bot"": 56, ""Infiltration"": 9, ""DDoS"": 6, ""DoS slowloris"": 5, ""DoS Slowhttptest"": 5, ""PortScan"": 4, ""FTP-Patator"": 4, ""Web Attack \ufffd Brute Force"": 2, ""SSH-Patator"": 2, ""Web Attack \ufffd Sql Injection"": 1}",0.05593838670449939
cic_near_iid,kdclip_p0,0,206.75,val recall>=0.9995,0.226562,0.9994129595059468,0.06825305736661394,0.7504452084986335,0.8572176653927686,0.9432756761730635,50,28307,"{""Bot"": 22, ""Infiltration"": 9, ""DDoS"": 4, ""FTP-Patator"": 4, ""PortScan"": 3, ""DoS slowloris"": 2, ""Web Attack \ufffd Brute Force"": 2, ""SSH-Patator"": 2, ""DoS Slowhttptest"": 1, ""Web Attack \ufffd Sql Injection"": 1}",0.06688285366842318
cic_near_iid,kdclip_p0,0,206.75,val recall>=0.9999,0.203125,0.9996712573233302,0.07992313182361792,0.7197866296960065,0.8369498439535055,0.9336379221018225,28,33147,"{""Bot"": 8, ""Infiltration"": 6, ""FTP-Patator"": 4, ""PortScan"": 3, ""DoS slowloris"": 2, ""Web Attack \ufffd Brute Force"": 2, ""DoS Slowhttptest"": 1, ""Web Attack \ufffd Sql Injection"": 1, ""SSH-Patator"": 1}",0.07853668423186055
cic_near_iid,kdclip_T4,0,65.44,fixed 0.1,0.1,0.9999765183802378,0.9769443694301917,0.17369607113358962,0.2959803168623744,0.1895004890890142,2,405174,,
cic_near_iid,kdclip_T4,0,65.44,fixed 0.2,0.2,0.9995538492245195,0.1433417885112457,0.5888272561279256,0.7410873226931063,0.8810043427903879,38,59449,,
cic_near_iid,kdclip_T4,0,65.44,fixed 0.3,0.3,0.9968534629518744,0.061412561243779175,0.7692412231030578,0.8683801419600302,0.9485146296625986,268,25470,"{""Bot"": 123, ""DoS Hulk"": 56, ""SSH-Patator"": 18, ""DoS GoldenEye"": 11, ""Infiltration"": 11, ""DoS Slowhttptest"": 11, ""DDoS"": 10, ""DoS slowloris"": 8, ""PortScan"": 8, ""Heartbleed"": 5, ""Web Attack \ufffd Brute Force"": 4, ""Web Attack \ufffd Sql Injection"": 2, ""FTP-Patator"": 1}",
cic_near_iid,kdclip_T4,0,65.44,val recall>=0.999,0.203125,0.9995538492245195,0.1433417885112457,0.5888272561279256,0.7410873226931063,0.8810043427903879,38,59449,"{""Bot"": 11, ""Infiltration"": 10, ""Heartbleed"": 5, ""DoS slowloris"": 4, ""DoS Slowhttptest"": 4, ""PortScan"": 2, ""DDoS"": 1, ""Web Attack \ufffd Brute Force"": 1}",0.14025131738954194
cic_near_iid,kdclip_T4,0,65.44,val recall>=0.9995,0.203125,0.9995538492245195,0.1433417885112457,0.5888272561279256,0.7410873226931063,0.8810043427903879,38,59449,"{""Bot"": 11, ""Infiltration"": 10, ""Heartbleed"": 5, ""DoS slowloris"": 4, ""DoS Slowhttptest"": 4, ""PortScan"": 2, ""DDoS"": 1, ""Web Attack \ufffd Brute Force"": 1}",0.14025131738954194
cic_near_iid,kdclip_T4,0,65.44,val recall>=0.9999,0.1875,0.9996712573233302,0.17792764553836657,0.5357120386565831,0.6975924886629443,0.8523311242646162,28,73793,"{""Infiltration"": 10, ""Bot"": 8, ""Heartbleed"": 5, ""DoS slowloris"": 2, ""PortScan"": 1, ""DDoS"": 1, ""DoS Slowhttptest"": 1}",0.17440210782326712
cic_near_iid,kdclip_long,0,65.44,fixed 0.1,0.1,0.999823887851784,0.3248886038347286,0.3872560834193569,0.5582776637799355,0.7304349391589269,15,134743,,
cic_near_iid,kdclip_long,0,65.44,fixed 0.2,0.2,0.9995421084146384,0.09307125496701515,0.6880404739198603,0.8150421000732383,0.9227079328437776,39,38600,,
cic_near_iid,kdclip_long,0,65.44,fixed 0.3,0.3,0.9972526504878306,0.058781972146136334,0.7769900656799429,0.8734491570304024,0.9507650392371412,234,24379,"{""Bot"": 107, ""DoS Hulk"": 47, ""Web Attack \ufffd Brute Force"": 11, ""DoS GoldenEye"": 11, ""Infiltration"": 11, ""DoS Slowhttptest"": 10, ""PortScan"": 9, ""DDoS"": 9, ""DoS slowloris"": 7, ""Heartbleed"": 5, ""Web Attack \ufffd Sql Injection"": 3, ""SSH-Patator"": 3, ""FTP-Patator"": 1}",
cic_near_iid,kdclip_long,0,65.44,val recall>=0.999,0.21875,0.9993542554565414,0.0836218702982138,0.7105067654988773,0.8305329508420662,0.9305153537943905,55,34681,"{""Bot"": 20, ""Infiltration"": 10, ""PortScan"": 5, ""Heartbleed"": 5, ""DDoS"": 3, ""DoS Slowhttptest"": 3, ""DoS slowloris"": 3, ""Web Attack \ufffd Brute Force"": 3, ""Web Attack \ufffd Sql Injection"": 1, ""SSH-Patator"": 1, ""FTP-Patator"": 1}",0.08279286582894203
cic_near_iid,kdclip_long,0,65.44,val recall>=0.9995,0.21875,0.9993542554565414,0.0836218702982138,0.7105067654988773,0.8305329508420662,0.9305153537943905,55,34681,"{""Bot"": 20, ""Infiltration"": 10, ""PortScan"": 5, ""Heartbleed"": 5, ""DDoS"": 3, ""DoS Slowhttptest"": 3, ""DoS slowloris"": 3, ""Web Attack \ufffd Brute Force"": 3, ""Web Attack \ufffd Sql Injection"": 1, ""SSH-Patator"": 1, ""FTP-Patator"": 1}",0.08279286582894203
cic_near_iid,kdclip_long,0,65.44,val recall>=0.9999,0.210938,0.999471663555352,0.08801743759885806,0.6998816101026045,0.8232682962210777,0.9268886937422611,45,36504,"{""Bot"": 11, ""Infiltration"": 10, ""PortScan"": 5, ""Heartbleed"": 5, ""DoS Slowhttptest"": 3, ""DoS slowloris"": 3, ""Web Attack \ufffd Brute Force"": 3, ""DDoS"": 2, ""Web Attack \ufffd Sql Injection"": 1, ""SSH-Patator"": 1, ""FTP-Patator"": 1}",0.08745439805431698
cic_near_iid,kdclip_fed,0,65.44,fixed 0.1,0.1,0.9999295551407136,0.33002198989236525,0.38356775161120343,0.5544509980078903,0.7261941673384557,6,136872,,
cic_near_iid,kdclip_fed,0,65.44,fixed 0.2,0.2,0.999471663555352,0.0956415647544462,0.6821481802009712,0.8108702796153681,0.9205635425647468,45,39666,,
cic_near_iid,kdclip_fed,0,65.44,fixed 0.3,0.3,0.9972643912977117,0.062186547586898656,0.7670841950312017,0.8671594250245017,0.9479425255396482,233,25791,"{""Bot"": 120, ""DoS Hulk"": 24, ""DoS slowloris"": 12, ""DoS GoldenEye"": 11, ""Infiltration"": 11, ""DDoS"": 10, ""PortScan"": 9, ""DoS Slowhttptest"": 8, ""SSH-Patator"": 8, ""FTP-Patator"": 7, ""Web Attack \ufffd Brute Force"": 6, ""Heartbleed"": 5, ""Web Attack \ufffd Sql Injection"": 2}",
cic_near_iid,kdclip_fed,0,65.44,val recall>=0.999,0.21875,0.9990607352095148,0.08629344932680066,0.7039344153802882,0.8259251170803913,0.9282489413073179,80,35789,"{""Bot"": 39, ""Infiltration"": 10, ""DoS slowloris"": 7, ""PortScan"": 7, ""DDoS"": 6, ""Heartbleed"": 5, ""DoS Slowhttptest"": 3, ""Web Attack \ufffd Brute Force"": 2, ""SSH-Patator"": 1}",0.08400891771382246
cic_near_iid,kdclip_fed,0,65.44,val recall>=0.9995,0.203125,0.999471663555352,0.0956415647544462,0.6821481802009712,0.8108702796153681,0.9205635425647468,45,39666,"{""Bot"": 13, ""Infiltration"": 10, ""PortScan"": 7, ""Heartbleed"": 5, ""DoS slowloris"": 4, ""DDoS"": 3, ""Web Attack \ufffd Brute Force"": 2, ""DoS Slowhttptest"": 1}",0.09353465747871909
cic_near_iid,kdclip_fed,0,65.44,val recall>=0.9999,0.175781,0.999647775703568,0.11664046525982794,0.6376893003190581,0.7786603015213246,0.9031723773726819,30,48375,"{""Infiltration"": 9, ""Bot"": 7, ""Heartbleed"": 5, ""PortScan"": 4, ""DoS slowloris"": 2, ""DDoS"": 1, ""DoS Slowhttptest"": 1, ""Web Attack \ufffd Brute Force"": 1}",0.1160316173490069
cic_near_iid,kdclip,1,65.44,fixed 0.1,0.1,0.9999647775703568,0.39060993017244705,0.34458065299186796,0.5125427645534885,0.6759350201736716,3,162000,,
cic_near_iid,kdclip,1,65.44,fixed 0.2,0.2,0.9993894778861846,0.10875352031171637,0.6536456133614897,0.7903601704751205,0.9096715602239608,52,45104,,
cic_near_iid,kdclip,1,65.44,fixed 0.3,0.3,0.9972526504878306,0.061376393657652094,0.7694168161313115,0.8686434827961772,0.9486126475018454,234,25455,"{""Bot"": 116, ""DoS Slowhttptest"": 26, ""DoS Hulk"": 24, ""DoS GoldenEye"": 11, ""DoS slowloris"": 10, ""Infiltration"": 10, ""PortScan"": 9, ""DDoS"": 9, ""SSH-Patator"": 6, ""Heartbleed"": 5, ""Web Attack \ufffd Brute Force"": 4, ""Web Attack \ufffd Sql Injection"": 3, ""FTP-Patator"": 1}",
cic_near_iid,kdclip,1,65.44,val recall>=0.999,0.210938,0.9992720697873739,0.1008496971567455,0.670497963556725,0.8025175616425441,0.9162087499924987,62,41826,"{""Bot"": 34, ""Infiltration"": 9, ""Heartbleed"": 5, ""PortScan"": 4, ""DDoS"": 4, ""DoS Slowhttptest"": 3, ""DoS slowloris"": 2, ""Web Attack \ufffd Brute Force"": 1}",0.09931090393190109
cic_near_iid,kdclip,1,65.44,val recall>=0.9995,0.195312,0.9995186267948764,0.11476216195362833,0.6414019649207402,0.781382370893204,0.9047086569755696,41,47596,"{""Bot"": 18, ""Infiltration"": 7, ""Heartbleed"": 5, ""PortScan"": 3, ""DoS Slowhttptest"": 3, ""DDoS"": 2, ""DoS slowloris"": 2, ""Web Attack \ufffd Brute Force"": 1}",0.11289014997973247
cic_near_iid,kdclip,1,65.44,val recall>=0.9999,0.175781,0.9997064797529733,0.14158645499787817,0.5918439691663945,0.7435142899555541,0.8824866125634866,25,58721,"{""Infiltration"": 7, ""Bot"": 6, ""Heartbleed"": 5, ""DDoS"": 2, ""DoS Slowhttptest"": 2, ""DoS slowloris"": 2, ""PortScan"": 1}",0.14035265504661532
cic_near_iid,kdclip_p30,1,112.07,fixed 0.1,0.1,0.9999765183802378,0.355266965009066,0.366306400072254,0.5361961181795861,0.7052583570209778,2,147342,,
cic_near_iid,kdclip_p30,1,112.07,fixed 0.2,0.2,0.9996125532739248,0.08831401180510011,0.699204217891547,0.8228472020875616,0.9266666533309063,33,36627,,
cic_near_iid,kdclip_p30,1,112.07,fixed 0.3,0.3,0.9981332112289105,0.05254426912541955,0.7959665187349025,0.8856593689934837,0.9560900083815255,159,21792,"{""Bot"": 111, ""DDoS"": 17, ""Infiltration"": 8, ""PortScan"": 6, ""DoS Slowhttptest"": 5, ""DoS slowloris"": 4, ""FTP-Patator"": 3, ""Web Attack \ufffd Sql Injection"": 2, ""Web Attack \ufffd Brute Force"": 2, ""SSH-Patator"": 1}",
cic_near_iid,kdclip_p30,1,112.07,val recall>=0.999,0.25,0.9992368473577308,0.06576231626866247,0.7573098894840811,0.8616132216344816,0.9453120467925162,65,27274,"{""Bot"": 34, ""DDoS"": 10, ""Infiltration"": 7, ""PortScan"": 4, ""FTP-Patator"": 3, ""Web Attack \ufffd Sql Injection"": 2, ""DoS slowloris"": 2, ""Web Attack \ufffd Brute Force"": 2, ""DoS Slowhttptest"": 1}",0.06455208755573572
cic_near_iid,kdclip_p30,1,112.07,val recall>=0.9995,0.210938,0.9995655900344006,0.08373760657382046,0.7102657155967129,0.8304411865117685,0.9304553428724027,37,34729,"{""Bot"": 16, ""DDoS"": 6, ""Infiltration"": 6, ""PortScan"": 3, ""DoS slowloris"": 2, ""Web Attack \ufffd Brute Force"": 2, ""DoS Slowhttptest"": 1, ""Web Attack \ufffd Sql Injection"": 1}",0.08137413862991488
cic_near_iid,kdclip_p30,1,112.07,val recall>=0.9999,0.191406,0.9997417021826166,0.09637214999421319,0.6805546675191816,0.8098319963099104,0.920003440626194,22,39969,"{""DDoS"": 5, ""Infiltration"": 5, ""PortScan"": 3, ""Bot"": 3, ""DoS slowloris"": 2, ""Web Attack \ufffd Brute Force"": 2, ""DoS Slowhttptest"": 1, ""Web Attack \ufffd Sql Injection"": 1}",0.09627077421970004
cic_near_iid,kdclip_p0,1,206.75,fixed 0.1,0.1,0.9999765183802378,0.3335350680915088,0.3810782997762864,0.5518526077758664,0.7232876383501797,2,138329,,
cic_near_iid,kdclip_p0,1,206.75,fixed 0.2,0.2,0.9996595165134491,0.07869102272288878,0.7229071149600951,0.8390514059905495,0.9346581077756152,29,32636,,
cic_near_iid,kdclip_p0,1,206.75,fixed 0.3,0.3,0.9980627663696242,0.05254909147023649,0.7959401509335031,0.8856153144940748,0.9560740054689953,165,21794,"{""Bot"": 107, ""DDoS"": 16, ""FTP-Patator"": 10, ""Infiltration"": 9, ""DoS Slowhttptest"": 6, ""DoS slowloris"": 5, ""SSH-Patator"": 5, ""PortScan"": 4, ""Web Attack \ufffd Brute Force"": 2, ""Web Attack \ufffd Sql Injection"": 1}",
cic_near_iid,kdclip_p0,1,206.75,val recall>=0.999,0.285156,0.9988963638711799,0.05732080166660237,0.7816025429022894,0.8769900785981187,0.9522573108305712,94,23773,"{""Bot"": 46, ""DDoS"": 15, ""Infiltration"": 9, ""FTP-Patator"": 7, ""DoS Slowhttptest"": 4, ""DoS slowloris"": 4, ""PortScan"": 3, ""SSH-Patator"": 3, ""Web Attack \ufffd Brute Force"": 2, ""Web Attack \ufffd Sql Injection"": 1}",0.05593838670449939
cic_near_iid,kdclip_p0,1,206.75,val recall>=0.9995,0.226562,0.9993894778861846,0.0703242544654913,0.7448003709958263,0.8535144891206258,0.9415533627120136,52,29166,"{""Bot"": 22, ""DDoS"": 10, ""Infiltration"": 5, ""FTP-Patator"": 4, ""PortScan"": 3, ""DoS slowloris"": 3, ""Web Attack \ufffd Brute Force"": 2, ""DoS Slowhttptest"": 1, ""Web Attack \ufffd Sql Injection"": 1, ""SSH-Patator"": 1}",0.06870693149574382
cic_near_iid,kdclip_p0,1,206.75,val recall>=0.9999,0.171875,0.9997886654221408,0.1185742255314224,0.6339144805407498,0.7758820983576684,0.9015920897603363,18,49177,"{""Bot"": 4, ""DDoS"": 3, ""Infiltration"": 3, ""FTP-Patator"": 3, ""PortScan"": 2, ""DoS slowloris"": 2, ""DoS Slowhttptest"": 1}",0.118261045804621
cic_near_iid,kdclip_T4,1,65.44,fixed 0.1,0.1,0.9999882591901189,0.9962843833185449,0.17090216647570966,0.2919148644480241,0.17345756927760853,1,413195,,
cic_near_iid,kdclip_T4,1,65.44,fixed 0.2,0.2,0.9998004062320219,0.20450841016936075,0.5009972172050855,0.667508015018852,0.8303011148028941,17,84817,,
cic_near_iid,kdclip_T4,1,65.44,fixed 0.3,0.3,0.9972643912977117,0.06606853516453841,0.7560908305961315,0.8600909302631713,0.9447219393929696,233,27401,"{""Bot"": 120, ""DoS Hulk"": 24, ""SSH-Patator"": 17, ""FTP-Patator"": 12, ""DoS GoldenEye"": 11, ""Infiltration"": 10, ""DDoS"": 9, ""PortScan"": 7, ""DoS slowloris"": 6, ""DoS Slowhttptest"": 6, ""Heartbleed"": 5, ""Web Attack \ufffd Brute Force"": 4, ""Web Attack \ufffd Sql Injection"": 2}",
cic_near_iid,kdclip_T4,1,65.44,val recall>=0.999,0.238281,0.9991429208786822,0.11168068361560125,0.647552085711242,0.7858128915790591,0.9072011106021296,73,46318,"{""Bot"": 39, ""Infiltration"": 9, ""FTP-Patator"": 8, ""Heartbleed"": 5, ""SSH-Patator"": 3, ""PortScan"": 2, ""DoS Slowhttptest"": 2, ""DoS slowloris"": 2, ""Web Attack \ufffd Brute Force"": 2, ""DDoS"": 1}",0.10853263072557763
cic_near_iid,kdclip_T4,1,65.44,val recall>=0.9995,0.214844,0.9995068859849953,0.15141198256240115,0.575493317649922,0.7304247104247105,0.8743011228043504,42,62796,"{""Bot"": 20, ""Infiltration"": 6, ""Heartbleed"": 5, ""FTP-Patator"": 4, ""DoS Slowhttptest"": 2, ""PortScan"": 1, ""DDoS"": 1, ""DoS slowloris"": 1, ""SSH-Patator"": 1, ""Web Attack \ufffd Brute Force"": 1}",0.1487636805837049
cic_near_iid,kdclip_T4,1,65.44,val recall>=0.9999,0.207031,0.9997299613727355,0.1756780216812623,0.538889943674451,0.7002956621145393,0.854207465758768,23,72860,"{""Infiltration"": 6, ""Bot"": 5, ""Heartbleed"": 5, ""FTP-Patator"": 2, ""PortScan"": 1, ""DDoS"": 1, ""DoS slowloris"": 1, ""DoS Slowhttptest"": 1, ""Web Attack \ufffd Brute Force"": 1}",0.17237535468179976
cic_near_iid,kdclip_long,1,65.45,fixed 0.1,0.1,0.9998591102814273,0.2891936074997107,0.4152169673330083,0.5867648730677673,0.7600543298880397,12,119939,,
cic_near_iid,kdclip_long,1,65.45,fixed 0.2,0.2,0.9986615476735585,0.08132643416534856,0.7160571774926761,0.8340712194978451,0.9323016789055608,114,33729,,
cic_near_iid,kdclip_long,1,65.45,fixed 0.3,0.3,0.9968769445716366,0.05457929863816982,0.7895167514389593,0.8811619170177879,0.9541876621545121,266,22636,"{""Bot"": 117, ""DoS Hulk"": 24, ""SSH-Patator"": 23, ""Web Attack \ufffd Brute Force"": 21, ""DoS Slowhttptest"": 14, ""DoS GoldenEye"": 11, ""PortScan"": 11, ""Infiltration"": 11, ""DDoS"": 10, ""FTP-Patator"": 10, ""DoS slowloris"": 6, ""Heartbleed"": 5, ""Web Attack \ufffd Sql Injection"": 3}",
cic_near_iid,kdclip_long,1,65.45,val recall>=0.999,0.171875,0.9996008124640438,0.10056758998495428,0.6711891397578204,0.803118559010664,0.9164988027821064,34,41709,"{""Bot"": 7, ""Infiltration"": 6, ""Heartbleed"": 5, ""SSH-Patator"": 3, ""PortScan"": 2, ""DDoS"": 2, ""DoS Slowhttptest"": 2, ""DoS slowloris"": 2, ""DoS Hulk"": 2, ""Web Attack \ufffd Sql Injection"": 1, ""DoS GoldenEye"": 1, ""Web Attack \ufffd Brute Force"": 1}",0.09687880016214025
cic_near_iid,kdclip_long,1,65.45,val recall>=0.9995,0.171875,0.9996008124640438,0.10056758998495428,0.6711891397578204,0.803118559010664,0.9164988027821064,34,41709,"{""Bot"": 7, ""Infiltration"": 6, ""Heartbleed"": 5, ""SSH-Patator"": 3, ""PortScan"": 2, ""DDoS"": 2, ""DoS Slowhttptest"": 2, ""DoS slowloris"": 2, ""DoS Hulk"": 2, ""Web Attack \ufffd Sql Injection"": 1, ""DoS GoldenEye"": 1, ""Web Attack \ufffd Brute Force"": 1}",0.09687880016214025
cic_near_iid,kdclip_long,1,65.45,val recall>=0.9999,0.148438,0.9997417021826166,0.13587438756220824,0.6017610934043801,0.7513014170004764,0.8872314761286554,22,56352,"{""Bot"": 6, ""Infiltration"": 5, ""Heartbleed"": 5, ""PortScan"": 2, ""DDoS"": 1, ""DoS slowloris"": 1, ""DoS Slowhttptest"": 1, ""Web Attack \ufffd Brute Force"": 1}",0.13386704499391974
cic_near_iid,kdclip_fed,1,65.45,fixed 0.1,0.1,0.9999530367604758,0.33740982215192317,0.3783523244708025,0.5489851036812149,0.7200690525675673,4,139936,,
cic_near_iid,kdclip_fed,1,65.45,fixed 0.2,0.2,0.9993307738367793,0.08370867250491879,0.7102884848080245,0.8303756963210833,0.9304393399598727,57,34717,,
cic_near_iid,kdclip_fed,1,65.45,fixed 0.3,0.3,0.9972996137273549,0.05574630608387022,0.7860507296669536,0.8791633029042206,0.9532914990528276,230,23120,"{""Bot"": 125, ""DoS Hulk"": 24, ""DoS GoldenEye"": 11, ""PortScan"": 11, ""Infiltration"": 10, ""DoS Slowhttptest"": 10, ""DDoS"": 9, ""SSH-Patator"": 7, ""DoS slowloris"": 5, ""Heartbleed"": 5, ""FTP-Patator"": 5, ""Web Attack \ufffd Brute Force"": 5, ""Web Attack \ufffd Sql Injection"": 3}",
cic_near_iid,kdclip_fed,1,65.45,val recall>=0.999,0.203125,0.9993307738367793,0.08370867250491879,0.7102884848080245,0.8303756963210833,0.9304393399598727,57,34717,"{""Bot"": 37, ""Infiltration"": 7, ""PortScan"": 4, ""DDoS"": 3, ""DoS Slowhttptest"": 2, ""DoS slowloris"": 2, ""Web Attack \ufffd Brute Force"": 2}",0.08117146331576813
cic_near_iid,kdclip_fed,1,65.45,val recall>=0.9995,0.175781,0.9996712573233302,0.10975897920604914,0.6516232225674621,0.7889677027784598,0.9088854171459205,28,45521,"{""Bot"": 14, ""Infiltration"": 6, ""PortScan"": 2, ""DoS slowloris"": 2, ""Web Attack \ufffd Brute Force"": 2, ""DoS Slowhttptest"": 1, ""DDoS"": 1}",0.10802594244021078
cic_near_iid,kdclip_fed,1,65.45,val recall>=0.9999,0.171875,0.9997886654221408,0.12068641256124378,0.6298074078456896,0.7727980179779563,0.8998397708382926,18,50053,"{""Bot"": 6, ""Infiltration"": 6, ""DoS slowloris"": 2, ""PortScan"": 1, ""DoS Slowhttptest"": 1, ""DDoS"": 1, ""Web Attack \ufffd Brute Force"": 1}",0.11866639643291448
cic_near_iid,kdclip,2,65.45,fixed 0.1,0.1,0.9999295551407136,0.3510233015701555,0.36908935683361577,0.5391647305347522,0.7087709963213304,6,145582,,
cic_near_iid,kdclip,2,65.45,fixed 0.2,0.2,0.999647775703568,0.09883636819567146,0.6750202165950497,0.8058701320827042,0.9179430656379461,30,40991,,
cic_near_iid,kdclip,2,65.45,fixed 0.3,0.3,0.9980275439399809,0.060163573936190734,0.7730749292905409,0.8712653103059499,0.9497508546555473,168,24952,"{""Bot"": 123, ""PortScan"": 10, ""DDoS"": 9, ""Infiltration"": 9, ""DoS slowloris"": 5, ""DoS Slowhttptest"": 4, ""Web Attack \ufffd Brute Force"": 3, ""Web Attack \ufffd Sql Injection"": 2, ""SSH-Patator"": 2, ""FTP-Patator"": 1}",
cic_near_iid,kdclip,2,65.45,val recall>=0.999,0.257812,0.9984384722858183,0.06919341460591798,0.7476898458724953,0.8550600774219496,0.9423295039697225,133,28697,"{""Bot"": 100, ""DDoS"": 8, ""PortScan"": 7, ""Infiltration"": 6, ""DoS Slowhttptest"": 3, ""Web Attack \ufffd Brute Force"": 3, ""SSH-Patator"": 2, ""DoS slowloris"": 2, ""Web Attack \ufffd Sql Injection"": 1, ""FTP-Patator"": 1}",0.06708552898256992
cic_near_iid,kdclip,2,65.45,val recall>=0.9995,0.226562,0.9993542554565414,0.08200638478453763,0.7145027659092245,0.8332566494699024,0.9318555977187848,55,34011,"{""Bot"": 29, ""PortScan"": 7, ""DDoS"": 7, ""Infiltration"": 5, ""DoS Slowhttptest"": 2, ""DoS slowloris"": 2, ""Web Attack \ufffd Brute Force"": 2, ""SSH-Patator"": 1}",0.07995541143088772
cic_near_iid,kdclip,2,65.45,val recall>=0.9999,0.183594,0.9997534429924976,0.13004899502334014,0.6122167261014609,0.7594008766571093,0.892066356076806,21,53936,"{""PortScan"": 6, ""Bot"": 5, ""Infiltration"": 5, ""DoS Slowhttptest"": 2, ""DoS slowloris"": 2, ""DDoS"": 1}",0.12677340899878395
cic_near_iid,kdclip_p30,2,112.08,fixed 0.1,0.1,0.9999647775703568,0.3395533544230547,0.3768667448394876,0.5474213286713288,0.7182927292767284,3,140825,,
cic_near_iid,kdclip_p30,2,112.08,fixed 0.2,0.2,0.9996242940838059,0.07929622699741522,0.7213627274883926,0.8379978444987968,0.9341500153027851,32,32887,,
cic_near_iid,kdclip_p30,2,112.08,fixed 0.3,0.3,0.9980275439399809,0.050890204853207825,0.8010950796807117,0.8887831705735973,0.9574442548543834,168,21106,"{""Bot"": 123, ""DoS slowloris"": 9, ""DDoS"": 9, ""PortScan"": 8, ""Infiltration"": 8, ""Web Attack \ufffd Brute Force"": 3, ""FTP-Patator"": 3, ""Web Attack \ufffd Sql Injection"": 2, ""DoS Slowhttptest"": 2, ""SSH-Patator"": 1}",
cic_near_iid,kdclip_p30,2,112.08,val recall>=0.999,0.277344,0.998379768236413,0.05482764939624243,0.7890121921799321,0.8814337616029272,0.9542376712561687,138,22739,"{""Bot"": 103, ""DDoS"": 8, ""PortScan"": 7, ""Infiltration"": 6, ""DoS slowloris"": 4, ""Web Attack \ufffd Brute Force"": 3, ""FTP-Patator"": 3, ""DoS Slowhttptest"": 2, ""Web Attack \ufffd Sql Injection"": 1, ""SSH-Patator"": 1}",0.05360762059181192
cic_near_iid,kdclip_p30,2,112.08,val recall>=0.9995,0.234375,0.9991429208786822,0.06619873847459588,0.7560748078717071,0.8607784431137723,0.944933977983993,73,27455,"{""Bot"": 49, ""DDoS"": 6, ""Infiltration"": 6, ""PortScan"": 4, ""DoS Slowhttptest"": 2, ""DoS slowloris"": 2, ""Web Attack \ufffd Brute Force"": 2, ""Web Attack \ufffd Sql Injection"": 1, ""FTP-Patator"": 1}",0.06536278881232266
cic_near_iid,kdclip_p30,2,112.08,val recall>=0.9999,0.183594,0.9997534429924976,0.09289523938119672,0.6884919832792956,0.8154291076934863,0.9228899659738072,21,38527,"{""Bot"": 10, ""Infiltration"": 5, ""PortScan"": 3, ""DoS Slowhttptest"": 1, ""DoS slowloris"": 1, ""FTP-Patator"": 1}",0.09160924199432509
cic_near_iid,kdclip_p0,2,206.76,fixed 0.1,0.1,0.9999530367604758,0.3078994830446356,0.4001061700788289,0.5715292293961528,0.7445515083745242,4,127697,,
cic_near_iid,kdclip_p0,2,206.76,fixed 0.2,0.2,0.9996008124640438,0.07436537942209019,0.7340771333235616,0.8465056623283653,0.9382367590901544,34,30842,,
cic_near_iid,kdclip_p0,2,206.76,fixed 0.3,0.3,0.9979453582708135,0.04887446471972532,0.8074438575825512,0.8926439159634743,0.9591025566653131,175,20270,"{""Bot"": 128, ""PortScan"": 9, ""DDoS"": 8, ""DoS GoldenEye"": 7, ""FTP-Patator"": 6, ""Infiltration"": 5, ""DoS Slowhttptest"": 3, ""Web Attack \ufffd Brute Force"": 3, ""Web Attack \ufffd Sql Injection"": 2, ""DoS slowloris"": 2, ""SSH-Patator"": 2}",
cic_near_iid,kdclip_p0,2,206.76,val recall>=0.999,0.242188,0.9991898841182065,0.060906215038000075,0.7711210177231707,0.8704644133846792,0.949332778565699,69,25260,"{""Bot"": 41, ""DDoS"": 6, ""Infiltration"": 5, ""FTP-Patator"": 4, ""PortScan"": 3, ""Web Attack \ufffd Brute Force"": 3, ""DoS slowloris"": 2, ""SSH-Patator"": 2, ""DoS Slowhttptest"": 1, ""DoS GoldenEye"": 1, ""Web Attack \ufffd Sql Injection"": 1}",0.0584718281313336
cic_near_iid,kdclip_p0,2,206.76,val recall>=0.9995,0.234375,0.9994129595059468,0.06272906137880482,0.7659147553963955,0.8672215656709727,0.9478585102488652,50,26016,"{""Bot"": 25, ""Infiltration"": 5, ""FTP-Patator"": 4, ""PortScan"": 3, ""DDoS"": 3, ""Web Attack \ufffd Brute Force"": 3, ""DoS slowloris"": 2, ""SSH-Patator"": 2, ""DoS Slowhttptest"": 1, ""DoS GoldenEye"": 1, ""Web Attack \ufffd Sql Injection"": 1}",0.06141062018646129
cic_near_iid,kdclip_p0,2,206.76,val recall>=0.9999,0.171875,0.9997417021826166,0.11312979823309285,0.6447414250018929,0.7839239929479892,0.9061009103656865,22,46919,"{""Bot"": 7, ""Infiltration"": 4, ""FTP-Patator"": 4, ""PortScan"": 2, ""DoS slowloris"": 2, ""DoS Slowhttptest"": 1, ""Web Attack \ufffd Brute Force"": 1, ""SSH-Patator"": 1}",0.11268747466558574
cic_near_iid,kdclip_T4,2,65.45,fixed 0.1,0.1,0.9999882591901189,0.9924916091200185,0.17144329440371664,0.29270388183522433,0.17660414195383559,1,411622,,
cic_near_iid,kdclip_T4,2,65.45,fixed 0.2,0.2,0.9998121470419029,0.15225348173295783,0.5742134293536163,0.7294742477781349,0.8736550052109484,16,63145,,
cic_near_iid,kdclip_T4,2,65.45,fixed 0.3,0.3,0.9980745071795052,0.06326193048107712,0.7641533178721033,0.8655883595782484,0.9471883882866682,164,26237,"{""Bot"": 122, ""PortScan"": 9, ""DDoS"": 9, ""Infiltration"": 7, ""DoS Slowhttptest"": 6, ""Web Attack \ufffd Brute Force"": 3, ""Web Attack \ufffd Sql Injection"": 2, ""SSH-Patator"": 2, ""DoS slowloris"": 2, ""DoS Hulk"": 1, ""FTP-Patator"": 1}",
cic_near_iid,kdclip_T4,2,65.45,val recall>=0.999,0.246094,0.9992368473577308,0.08653697774005632,0.7033835270004463,0.8256059290588881,0.9280769099976196,65,35890,"{""Bot"": 42, ""DDoS"": 8, ""PortScan"": 6, ""Infiltration"": 3, ""DoS Slowhttptest"": 2, ""DoS slowloris"": 2, ""Web Attack \ufffd Brute Force"": 2}",0.08340089177138224
cic_near_iid,kdclip_T4,2,65.45,val recall>=0.9995,0.238281,0.9995538492245195,0.09604181937425253,0.6812598526010867,0.8102693442466926,0.9202454846782114,38,39832,"{""Bot"": 16, ""DDoS"": 8, ""PortScan"": 6, ""Infiltration"": 3, ""DoS Slowhttptest"": 2, ""DoS slowloris"": 2, ""Web Attack \ufffd Brute Force"": 1}",0.09160924199432509
cic_near_iid,kdclip_T4,2,65.45,val recall>=0.9999,0.203125,0.9998121470419029,0.15225348173295783,0.5742134293536163,0.7294742477781349,0.8736550052109484,16,63145,"{""PortScan"": 6, ""Bot"": 5, ""Infiltration"": 2, ""DoS Slowhttptest"": 1, ""DDoS"": 1, ""DoS slowloris"": 1}",0.14693960275638426
cic_near_iid,kdclip_long,2,65.45,fixed 0.1,0.1,0.9999412959505947,0.3352614675359747,0.379853086127923,0.5505614345833361,0.7218493765865388,5,139045,,
cic_near_iid,kdclip_long,2,65.45,fixed 0.2,0.2,0.9996125532739248,0.09095665676478532,0.6929669632029171,0.8185121805841297,0.9244742543142852,33,37723,,
cic_near_iid,kdclip_long,2,65.45,fixed 0.3,0.3,0.9981214704190295,0.05655646001311678,0.7837538835980787,0.8780429865421758,0.9527594022112025,160,23456,"{""Bot"": 113, ""PortScan"": 13, ""Infiltration"": 9, ""DDoS"": 8, ""DoS Slowhttptest"": 5, ""SSH-Patator"": 3, ""Web Attack \ufffd Brute Force"": 3, ""Web Attack \ufffd Sql Injection"": 2, ""DoS slowloris"": 2, ""FTP-Patator"": 2}",
cic_near_iid,kdclip_long,2,65.45,val recall>=0.999,0.269531,0.9984502130956994,0.06361155048030555,0.763226622869605,0.8651345907342978,0.9469623471471807,132,26382,"{""Bot"": 93, ""Infiltration"": 9, ""PortScan"": 8, ""DDoS"": 8, ""DoS Slowhttptest"": 4, ""Web Attack \ufffd Brute Force"": 3, ""Web Attack \ufffd Sql Injection"": 2, ""SSH-Patator"": 2, ""DoS slowloris"": 2, ""FTP-Patator"": 1}",0.060397243615727604
cic_near_iid,kdclip_long,2,65.45,val recall>=0.9995,0.238281,0.9991311800688012,0.07559748852281933,0.730764606876653,0.8441314321140733,0.9371345584896451,74,31353,"{""Bot"": 40, ""Infiltration"": 9, ""DDoS"": 7, ""PortScan"": 6, ""Web Attack \ufffd Brute Force"": 3, ""Web Attack \ufffd Sql Injection"": 2, ""DoS Slowhttptest"": 2, ""SSH-Patator"": 2, ""DoS slowloris"": 2, ""FTP-Patator"": 1}",0.07316578840697203
cic_near_iid,kdclip_long,2,65.45,val recall>=0.9999,0.191406,0.9996947389430922,0.1044013541144246,0.6629011413356586,0.797185643599118,0.9133342268292829,26,43299,"{""Bot"": 9, ""PortScan"": 6, ""Infiltration"": 5, ""DoS slowloris"": 2, ""DoS Slowhttptest"": 1, ""DDoS"": 1, ""Web Attack \ufffd Brute Force"": 1, ""FTP-Patator"": 1}",0.10295905958654236
cic_near_iid,kdclip_fed,2,65.45,fixed 0.1,0.1,0.9998473694715462,0.3542615061147332,0.3669345282978219,0.5368501345907747,0.7060705048318794,13,146925,,
cic_near_iid,kdclip_fed,2,65.45,fixed 0.2,0.2,0.9995421084146384,0.09276021372632229,0.6887585453662878,0.8155456992595005,0.9229659798083251,39,38471,,
cic_near_iid,kdclip_fed,2,65.45,fixed 0.3,0.3,0.99768706045343,0.05809478800972185,0.7790959933987348,0.8749453004741483,0.951409156466477,197,24094,"{""Bot"": 121, ""Web Attack \ufffd Brute Force"": 13, ""Infiltration"": 11, ""PortScan"": 9, ""DDoS"": 9, ""SSH-Patator"": 9, ""DoS Slowhttptest"": 8, ""DoS slowloris"": 7, ""Heartbleed"": 5, ""FTP-Patator"": 3, ""Web Attack \ufffd Sql Injection"": 2}",
cic_near_iid,kdclip_fed,2,65.45,val recall>=0.999,0.234375,0.9990724760193959,0.07395065776783304,0.7350644414498463,0.8469719364776025,0.9384908053265695,79,30670,"{""Bot"": 35, ""Infiltration"": 10, ""PortScan"": 7, ""DDoS"": 7, ""Heartbleed"": 5, ""Web Attack \ufffd Brute Force"": 5, ""DoS Slowhttptest"": 3, ""Web Attack \ufffd Sql Injection"": 2, ""SSH-Patator"": 2, ""DoS slowloris"": 2, ""FTP-Patator"": 1}",0.0713417105796514
cic_near_iid,kdclip_fed,2,65.45,val recall>=0.9995,0.234375,0.9990724760193959,0.07395065776783304,0.7350644414498463,0.8469719364776025,0.9384908053265695,79,30670,"{""Bot"": 35, ""Infiltration"": 10, ""PortScan"": 7, ""DDoS"": 7, ""Heartbleed"": 5, ""Web Attack \ufffd Brute Force"": 5, ""DoS Slowhttptest"": 3, ""Web Attack \ufffd Sql Injection"": 2, ""SSH-Patator"": 2, ""DoS slowloris"": 2, ""FTP-Patator"": 1}",0.0713417105796514
cic_near_iid,kdclip_fed,2,65.45,val recall>=0.9999,0.191406,0.9996125532739248,0.10109081439759268,0.6700454881715014,0.8023030639986054,0.9160667241437942,33,41926,"{""Infiltration"": 10, ""PortScan"": 6, ""Bot"": 5, ""Heartbleed"": 5, ""DDoS"": 2, ""DoS slowloris"": 2, ""Web Attack \ufffd Brute Force"": 2, ""DoS Slowhttptest"": 1}",0.09819618970409404
