model,method,source,draw,cle_diff,accuracy,precision,attack_recall,f1,false_alarm_rate,fn,fp,missed,size_kb,ranges
cic_near_iid,df_bn_k3,bn_stats,0,7.152557373046875e-07,0.9290610891182195,0.7078663901247784,0.9937538891432731,0.826794305111236,0.08422466340033177,532,34931,532/85173,206.74,"input:[-3.00,3.00] d0:[0.00,40.74] d1:[0.00,80.56] d2:[0.00,96.53] d3:[-5.34,4.23]"
cic_near_iid,df_bn_k4,bn_stats,0,7.152557373046875e-07,0.9304073341348126,0.7102462881512949,0.9991546616885633,0.8302860599438027,0.08371108367732727,72,34718,72/85173,206.75,"input:[-4.00,4.00] d0:[0.00,54.27] d1:[0.00,102.94] d2:[0.00,123.88] d3:[-6.93,5.82]"
cic_near_iid,df_bn_k6,bn_stats,0,7.152557373046875e-07,0.9278128619408732,0.7026203685357638,0.9992251065478497,0.8250759812119185,0.08685284132556614,66,36021,66/85173,206.75,"input:[-6.00,6.00] d0:[0.00,81.34] d1:[0.00,147.68] d2:[0.00,178.57] d3:[-10.12,9.01]"
cic_near_iid,df_gauss_tflite,gauss,0,,0.9295551790425858,0.7076506139278915,0.9994247003158278,0.8286025775805007,0.08479370008873115,49,35167,49/85173,226.84,
cic_near_iid,df_gauss_fq_max,gauss,0,,0.9216977489903162,0.6853541658277292,0.999107698449039,0.8130105379816375,0.09419968365418001,76,39068,76/85173,206.75,"input:[-5.35,5.01] d0:[0.00,51.90] d1:[0.00,540.72] d2:[0.00,1157.89] d3:[-57.49,46.49]"
cic_near_iid,real_tflite_max,client0,0,,0.848476422708933,0.5294382219001631,0.9950688598499524,0.6911446908103436,0.18162879518537092,420,75328,420/85173,226.88,
cic_near_iid,real_tflite_clip5,client0,0,,0.9349221558323615,0.723847593128083,0.9992603289774928,0.839543681227898,0.07829076810308244,63,32470,63/85173,226.89,
cic_near_iid,real_fq_max,client0,0,,0.8486404525623663,0.5298416106371359,0.9909126131520553,0.6904820341645397,0.18057752401527719,774,74892,774/85173,206.75,"input:[-10.21,179.28] d0:[0.00,492.84] d1:[0.00,287.35] d2:[0.00,450.88] d3:[-43.07,5.14]"
cic_near_iid,real_fq_clip5_max,client0,0,,0.9268586882812672,0.7003090616887131,0.9976400972139058,0.8229414841071532,0.08767746228926353,201,36363,201/85173,206.75,"input:[-5.00,5.00] d0:[0.00,65.23] d1:[0.00,72.17] d2:[0.00,134.37] d3:[-9.31,4.74]"
cic_near_iid,df_gauss_tflite,gauss,1,,0.917919061269151,0.6750364824566969,0.9993072922170171,0.805771060441823,0.09879537826472744,59,40974,59/85173,226.91,
cic_near_iid,df_gauss_fq_max,gauss,1,,0.9120839992878704,0.6597654463572874,0.9993425146466604,0.7948025996339597,0.10583600169746538,56,43894,56/85173,206.75,"input:[-4.49,4.84] d0:[0.00,63.14] d1:[0.00,575.20] d2:[0.00,1299.34] d3:[-56.82,44.80]"
cic_near_iid,real_tflite_max,client0,1,,0.9325277200450482,0.7166367671459012,0.9989902903502283,0.8345790175768988,0.08112148451062845,86,33644,86/85173,226.91,
cic_near_iid,real_tflite_clip5,client0,1,,0.9340920047448635,0.7213317624322972,0.9991664024984444,0.8378160195321729,0.0792721152733305,71,32877,71/85173,226.91,
cic_near_iid,real_fq_max,client0,1,,0.9240381749478405,0.6918393392783111,0.9992368473577308,0.8175993083241269,0.09140513483276108,65,37909,65/85173,206.75,"input:[-1.01,40.73] d0:[0.00,105.15] d1:[0.00,116.46] d2:[0.00,110.27] d3:[-7.86,5.65]"
cic_near_iid,real_fq_clip5_max,client0,1,,0.9291471047730687,0.7070677643024214,0.997323095347117,0.8274803954994886,0.08485397939894294,228,35192,228/85173,206.75,"input:[-1.01,5.00] d0:[0.00,94.70] d1:[0.00,68.30] d2:[0.00,103.96] d3:[-5.89,5.27]"
cic_near_iid,df_gauss_tflite,gauss,2,,0.9313355030615572,0.7129467538885492,0.9993542554565414,0.8321975733518445,0.08263328961074033,55,34271,55/85173,226.91,
cic_near_iid,df_gauss_fq_max,gauss,2,,0.9201354646545671,0.6810006880330256,0.9993894778861846,0.810032022153811,0.09614067744299988,52,39873,52/85173,206.75,"input:[-4.23,3.96] d0:[0.00,56.87] d1:[0.00,494.08] d2:[0.00,1148.82] d3:[-58.68,43.31]"
cic_near_iid,real_tflite_max,client0,2,,0.9159787081248787,0.6707133818411894,0.9956793819637678,0.8015103041873608,0.10038916322672736,368,41635,368/85173,226.91,
cic_near_iid,real_tflite_clip5,client0,2,,0.939178930565363,0.737185372529319,0.9992720697873739,0.8484501089085716,0.07316220439026272,62,30343,62/85173,226.91,
cic_near_iid,real_fq_max,client0,2,,0.9125540848434415,0.6615691593010024,0.9965364610850856,0.7952180858289885,0.1046931059758497,295,43420,295/85173,206.76,"input:[-1.01,141.66] d0:[0.00,165.01] d1:[0.00,199.51] d2:[0.00,137.87] d3:[-30.45,5.32]"
cic_near_iid,real_fq_clip5_max,client0,2,,0.9330238103334807,0.7187201164453697,0.99713524238902,0.835339824923773,0.08014254851278886,244,33238,244/85173,206.76,"input:[-1.01,5.00] d0:[0.00,30.70] d1:[0.00,76.87] d2:[0.00,89.85] d3:[-5.88,4.66]"
cic_near_iid,cle_df_bn_k3,bn_stats,0,7.152557373046875e-07,0.9345400862957058,0.7236764668253115,0.9961607551688916,0.8383329381076595,0.07811475251726399,327,32397,327/85173,206.76,"input:[-3.00,3.00] d0:[0.00,1.62] d1:[0.00,0.99] d2:[0.00,1.67] d3:[-5.34,4.23]"
cic_near_iid,cle_df_bn_k4,bn_stats,0,7.152557373046875e-07,0.9342960418796221,0.7219107556339641,0.9993072922170171,0.8382560052000747,0.07905510975656803,59,32787,59/85173,206.76,"input:[-4.00,4.00] d0:[0.00,2.07] d1:[0.00,1.28] d2:[0.00,2.15] d3:[-6.93,5.82]"
cic_near_iid,cle_df_bn_k6,bn_stats,0,7.152557373046875e-07,0.9382007525369618,0.734047966056383,0.9993542554565414,0.846397852135435,0.07435814590486478,55,30839,55/85173,206.76,"input:[-6.00,6.00] d0:[0.00,2.96] d1:[0.00,1.85] d2:[0.00,3.10] d3:[-10.12,9.01]"
cic_near_iid,cle_df_gauss_tflite,gauss,0,,0.9305513603475832,0.7105924386232918,0.9994247003158278,0.8306158094513236,0.08359293622931215,49,34669,49/85173,226.91,
cic_near_iid,cle_df_gauss_fq_max,gauss,0,,0.9277708542954818,0.7024217170675358,0.9994951451751142,0.8250310125600868,0.0869589329115389,43,36065,43/85173,206.76,"input:[-5.35,5.01] d0:[0.00,6.88] d1:[0.00,22.22] d2:[0.00,34.87] d3:[-57.49,46.49]"
cic_near_iid,cle_real_tflite_max,client0,0,,0.8586102670686064,0.5468536804599039,0.9928733284021932,0.7052632456820702,0.16896290652366808,607,70075,607/85173,226.91,
cic_near_iid,cle_real_tflite_clip5,client0,0,,0.9373425963525361,0.7313581604770661,0.9993072922170171,0.8445902029759217,0.07538289417846533,59,31264,59/85173,226.91,
cic_near_iid,cle_real_fq_max,client0,0,,0.8517930263307922,0.5349513399643012,0.9958085308724596,0.6960061053167133,0.17778297519385827,357,73733,357/85173,206.76,"input:[-10.21,179.28] d0:[0.00,22.84] d1:[0.00,5.48] d2:[0.00,12.76] d3:[-43.07,5.14]"
cic_near_iid,cle_real_fq_clip5_max,client0,0,,0.935326229373746,0.7250779479665378,0.9993072922170171,0.8403872451976955,0.077813355966205,59,32272,59/85173,206.76,"input:[-5.00,5.00] d0:[0.00,2.00] d1:[0.00,2.68] d2:[0.00,2.90] d3:[-9.31,4.74]"
cic_near_iid,cle_df_gauss_tflite,gauss,1,,0.9175609961012904,0.6740988332950504,0.9992251065478497,0.8050760076811746,0.0992100999189846,66,41146,66/85173,226.91,
cic_near_iid,cle_df_gauss_fq_max,gauss,1,,0.9159286990232223,0.6697432507927515,0.9993425146466604,0.8019994158163025,0.1012017283283824,56,41972,56/85173,206.76,"input:[-4.49,4.84] d0:[0.00,6.22] d1:[0.00,26.12] d2:[0.00,37.81] d3:[-56.82,44.80]"
cic_near_iid,cle_real_tflite_max,client0,1,,0.9331118263523961,0.7188840656969512,0.9974639850656898,0.8355659152602383,0.08010396975425331,216,33222,216/85173,226.91,
cic_near_iid,cle_real_tflite_clip5,client0,1,,0.9392629458561458,0.7374701050223562,0.9992251065478497,0.8486217263195681,0.07305129045947302,66,30297,66/85173,226.91,
cic_near_iid,cle_real_fq_max,client0,1,,0.9326057342436324,0.7168283971831935,0.9991311800688012,0.8347581281972053,0.08105638285559971,74,33617,74/85173,206.76,"input:[-1.01,40.73] d0:[0.00,4.71] d1:[0.00,2.05] d2:[0.00,2.97] d3:[-7.86,5.65]"
cic_near_iid,cle_real_fq_clip5_max,client0,1,,0.9382987703762085,0.7343663721700718,0.9993307738367793,0.8466010533278296,0.07423517611203272,57,30788,57/85173,206.76,"input:[-1.01,5.00] d0:[0.00,2.72] d1:[0.00,1.54] d2:[0.00,1.40] d3:[-5.89,5.27]"
cic_near_iid,cle_df_gauss_tflite,gauss,2,,0.9267426671654241,0.6994618134012571,0.999471663555352,0.8229777936754995,0.08819345318467652,45,36577,45/85173,226.91,
cic_near_iid,cle_df_gauss_fq_max,gauss,2,,0.92097361719833,0.6832676517565475,0.9994834043652331,0.8116645372895253,0.09514968558311794,44,39462,44/85173,206.76,"input:[-4.23,3.96] d0:[0.00,5.70] d1:[0.00,20.95] d2:[0.00,31.22] d3:[-58.68,43.31]"
cic_near_iid,cle_real_tflite_max,client0,2,,0.9179030583566209,0.675827503227143,0.9957967900625785,0.8051891337678181,0.09809372709386212,358,40683,358/85173,226.91,
cic_near_iid,cle_real_tflite_clip5,client0,2,,0.9394169738892478,0.7379666160849773,0.9992133657379686,0.8489461241508643,0.0728632190116122,67,30219,67/85173,226.91,
cic_near_iid,cle_real_fq_max,client0,2,,0.9126000932169654,0.6617760617760617,0.9961255327392483,0.795236622332199,0.10455325797615833,330,43362,330/85173,206.76,"input:[-1.01,141.66] d0:[0.00,9.11] d1:[0.00,4.80] d2:[0.00,3.38] d3:[-30.45,5.32]"
cic_near_iid,cle_real_fq_clip5_max,client0,2,,0.9384607998655755,0.7348799461246902,0.9993307738367793,0.8469422277060239,0.07403987114694649,57,30707,57/85173,206.76,"input:[-1.01,5.00] d0:[0.00,2.29] d1:[0.00,1.50] d2:[0.00,1.57] d3:[-5.88,4.66]"
ton_near_iid_v2,df_bn_k3,bn_stats,0,1.7881393432617188e-07,0.974710020916524,0.9845516900451091,0.9826086956521739,0.9835792332860053,0.05185646131507986,282,250,282/16215,189.26,"input:[-3.00,3.00] d0:[0.00,3.86] d1:[0.00,28.50] d2:[0.00,26.44] d3:[-3.01,2.65]"
ton_near_iid_v2,df_bn_k4,bn_stats,0,1.7881393432617188e-07,0.9871648602395893,0.9851518286374977,0.9983965464076472,0.9917299681450624,0.05061190624351794,26,244,26/16215,189.26,"input:[-4.00,4.00] d0:[0.00,5.05] d1:[0.00,36.87] d2:[0.00,34.19] d3:[-3.95,3.59]"
ton_near_iid_v2,df_bn_k6,bn_stats,0,1.7881393432617188e-07,0.9885434493249667,0.9869528106328497,0.9983348751156337,0.9926112150105773,0.04438913088570836,27,214,27/16215,189.26,"input:[-6.00,6.00] d0:[0.00,7.45] d1:[0.00,53.59] d2:[0.00,49.67] d3:[-5.84,5.48]"
ton_near_iid_v2,df_gauss_tflite,gauss,0,,0.987355010458262,0.9856281590646124,0.9981498612395929,0.9918494913592352,0.04895249948143539,30,236,30/16215,209.41,
ton_near_iid_v2,df_gauss_fq_max,gauss,0,,0.9874025480129303,0.9856881851400731,0.9981498612395929,0.9918798835605944,0.04874507363617507,30,235,30/16215,189.26,"input:[-5.35,4.59] d0:[0.00,4.11] d1:[0.00,142.54] d2:[0.00,169.22] d3:[-3.51,78.98]"
ton_near_iid_v2,real_tflite_max,client0,0,,0.376259745198707,0.9704987834549879,0.19679309281529447,0.3272317079423678,0.020120306990250986,13024,97,13024/16215,209.41,
ton_near_iid_v2,real_tflite_clip5,client0,0,,0.9874025480129303,0.985510775599659,0.9983348751156337,0.9918813761833277,0.04936735117195602,27,238,27/16215,209.41,
ton_near_iid_v2,real_fq_max,client0,0,,0.5220574253660392,0.9836709059506987,0.3863706444650015,0.5548175699610344,0.02157228790707322,9950,104,9950/16215,189.26,"input:[-2.00,180.17] d0:[0.00,72.29] d1:[0.00,399.74] d2:[0.00,296.78] d3:[-7.08,6.65]"
ton_near_iid_v2,real_fq_clip5_max,client0,0,,0.9873074729035939,0.985568140299598,0.9981498612395929,0.9918191010203142,0.049159925326695705,30,237,30/16215,189.26,"input:[-2.00,5.00] d0:[0.00,4.71] d1:[0.00,20.68] d2:[0.00,18.18] d3:[-3.77,3.03]"
ton_near_iid_v2,df_gauss_tflite,gauss,1,,0.9879254611142803,0.9865861837692823,0.9979031760715387,0.9922124110865832,0.04563368595727028,34,220,34/16215,209.41,
ton_near_iid_v2,df_gauss_fq_max,gauss,1,,0.9880680737782849,0.9866479697597854,0.9980265186555658,0.9923046264218046,0.04542626011200996,32,219,32/16215,189.26,"input:[-4.37,4.84] d0:[0.00,3.73] d1:[0.00,130.40] d2:[0.00,154.91] d3:[-3.87,72.30]"
ton_near_iid_v2,real_tflite_max,client0,1,,0.9860239589275528,0.9893048128342246,0.9925994449583718,0.990949390469154,0.03609209707529558,120,174,120/16215,209.41,
ton_near_iid_v2,real_tflite_clip5,client0,1,,0.9874025480129303,0.985510775599659,0.9983348751156337,0.9918813761833277,0.04936735117195602,27,238,27/16215,209.41,
ton_near_iid_v2,real_fq_max,client0,1,,0.9857862711542118,0.989241362350916,0.9923527597903176,0.9907946183922909,0.0362995229205559,124,175,124/16215,189.26,"input:[-3.00,84.62] d0:[0.00,35.42] d1:[0.00,113.59] d2:[0.00,107.75] d3:[-8.62,3.03]"
ton_near_iid_v2,real_fq_clip5_max,client0,1,,0.9874025480129303,0.985510775599659,0.9983348751156337,0.9918813761833277,0.04936735117195602,27,238,27/16215,189.26,"input:[-3.00,5.00] d0:[0.00,4.38] d1:[0.00,24.47] d2:[0.00,23.77] d3:[-4.87,3.03]"
ton_near_iid_v2,df_gauss_tflite,gauss,2,,0.9857387335995437,0.9832392056840955,0.9985198889916743,0.9908206352120433,0.05724953329184816,24,276,24/16215,209.41,
ton_near_iid_v2,df_gauss_fq_max,gauss,2,,0.9856911960448754,0.9832381877808818,0.9984582176996608,0.9907897555154371,0.05724953329184816,25,276,25/16215,189.26,"input:[-4.17,3.96] d0:[0.00,3.82] d1:[0.00,118.29] d2:[0.00,136.27] d3:[-4.25,66.94]"
ton_near_iid_v2,real_tflite_max,client0,2,,0.9841699942954935,0.9893997288302724,0.9900709219858156,0.9897352116149317,0.035677245384774944,161,172,161/16215,209.44,
ton_near_iid_v2,real_tflite_clip5,client0,2,,0.9874025480129303,0.985510775599659,0.9983348751156337,0.9918813761833277,0.04936735117195602,27,238,27/16215,209.44,
ton_near_iid_v2,real_fq_max,client0,2,,0.9841699942954935,0.9892791127541589,0.9901942645698427,0.9897364771151178,0.03609209707529558,159,174,159/16215,189.26,"input:[-3.00,42.82] d0:[0.00,16.73] d1:[0.00,49.46] d2:[0.00,41.24] d3:[-6.96,3.03]"
ton_near_iid_v2,real_fq_clip5_max,client0,2,,0.9874025480129303,0.985510775599659,0.9983348751156337,0.9918813761833277,0.04936735117195602,27,238,27/16215,189.26,"input:[-3.00,5.00] d0:[0.00,5.35] d1:[0.00,18.66] d2:[0.00,16.86] d3:[-3.60,3.03]"
ton_near_iid_v2,cle_df_bn_k3,bn_stats,0,1.7881393432617188e-07,0.981032515687393,0.9836697247706422,0.991859389454209,0.9877475817595578,0.05538270068450529,132,267,132/16215,189.26,"input:[-3.00,3.00] d0:[0.00,0.94] d1:[0.00,0.99] d2:[0.00,2.53] d3:[-3.01,2.65]"
ton_near_iid_v2,cle_df_bn_k4,bn_stats,0,1.7881393432617188e-07,0.9871648602395893,0.9851518286374977,0.9983965464076472,0.9917299681450624,0.05061190624351794,26,244,26/16215,189.26,"input:[-4.00,4.00] d0:[0.00,1.23] d1:[0.00,1.28] d2:[0.00,3.19] d3:[-3.95,3.59]"
ton_near_iid_v2,cle_df_bn_k6,bn_stats,0,1.7881393432617188e-07,0.9883057615516257,0.9868300713371136,0.9981498612395929,0.992457689477557,0.044803982576229,30,216,30/16215,189.26,"input:[-6.00,6.00] d0:[0.00,1.80] d1:[0.00,1.86] d2:[0.00,4.52] d3:[-5.84,5.48]"
ton_near_iid_v2,cle_df_gauss_tflite,gauss,0,,0.9873074729035939,0.985568140299598,0.9981498612395929,0.9918191010203142,0.049159925326695705,30,237,30/16215,209.44,
ton_near_iid_v2,cle_df_gauss_fq_max,gauss,0,,0.9872123977942575,0.9854481246955674,0.9981498612395929,0.9917583259291033,0.04957477701721635,30,239,30/16215,189.26,"input:[-5.35,4.59] d0:[0.00,2.35] d1:[0.00,11.12] d2:[0.00,24.01] d3:[-3.51,78.98]"
ton_near_iid_v2,cle_real_tflite_max,client0,0,,0.3655637953983647,0.968026101141925,0.1829787234042553,0.30778008298755183,0.020327732835511304,13248,98,13248/16215,209.44,
ton_near_iid_v2,cle_real_tflite_clip5,client0,0,,0.9873074729035939,0.985568140299598,0.9981498612395929,0.9918191010203142,0.049159925326695705,30,237,30/16215,209.44,
ton_near_iid_v2,cle_real_fq_max,client0,0,,0.5119319262217151,0.9834200260078023,0.37311131668208447,0.5409755443286984,0.021157436216552583,10165,102,10165/16215,189.26,"input:[-2.00,180.17] d0:[0.00,21.47] d1:[0.00,25.55] d2:[0.00,29.80] d3:[-7.08,6.65]"
ton_near_iid_v2,cle_real_fq_clip5_max,client0,0,,0.9873074729035939,0.985568140299598,0.9981498612395929,0.9918191010203142,0.049159925326695705,30,237,30/16215,189.26,"input:[-2.00,5.00] d0:[0.00,1.17] d1:[0.00,1.13] d2:[0.00,2.14] d3:[-3.77,3.03]"
ton_near_iid_v2,cle_df_gauss_tflite,gauss,1,,0.9887335995436395,0.9874908469611912,0.9980265186555658,0.9927307303008925,0.042522298278365483,32,205,32/16215,209.44,
ton_near_iid_v2,cle_df_gauss_fq_max,gauss,1,,0.9879254611142803,0.9865268548436261,0.9979648473635523,0.9922128885891226,0.045841111802530594,33,221,33/16215,189.26,"input:[-4.37,4.84] d0:[0.00,2.23] d1:[0.00,9.64] d2:[0.00,25.63] d3:[-3.87,72.30]"
ton_near_iid_v2,cle_real_tflite_max,client0,1,,0.9859764213728845,0.9892440073755377,0.9925994449583718,0.9909188856395259,0.0362995229205559,120,175,120/16215,209.44,
ton_near_iid_v2,cle_real_tflite_clip5,client0,1,,0.9874025480129303,0.985510775599659,0.9983348751156337,0.9918813761833277,0.04936735117195602,27,238,27/16215,209.44,
ton_near_iid_v2,cle_real_fq_max,client0,1,,0.9859764213728845,0.9892440073755377,0.9925994449583718,0.9909188856395259,0.0362995229205559,120,175,120/16215,189.26,"input:[-3.00,84.62] d0:[0.00,13.76] d1:[0.00,7.90] d2:[0.00,7.01] d3:[-8.62,3.03]"
ton_near_iid_v2,cle_real_fq_clip5_max,client0,1,,0.9874025480129303,0.985510775599659,0.9983348751156337,0.9918813761833277,0.04936735117195602,27,238,27/16215,189.26,"input:[-3.00,5.00] d0:[0.00,1.22] d1:[0.00,1.13] d2:[0.00,2.14] d3:[-4.87,3.03]"
ton_near_iid_v2,cle_df_gauss_tflite,gauss,2,,0.9857387335995437,0.983356617870376,0.9983965464076472,0.990819511598017,0.05683468160132753,26,274,26/16215,209.44,
ton_near_iid_v2,cle_df_gauss_fq_max,gauss,2,,0.9864517969195664,0.98419452887538,0.9984582176996608,0.9912750650543395,0.05393071976768305,25,260,25/16215,189.26,"input:[-4.17,3.96] d0:[0.00,2.89] d1:[0.00,9.31] d2:[0.00,25.01] d3:[-4.25,66.94]"
ton_near_iid_v2,cle_real_tflite_max,client0,2,,0.9841699942954935,0.9893997288302724,0.9900709219858156,0.9897352116149317,0.035677245384774944,161,172,161/16215,209.44,
ton_near_iid_v2,cle_real_tflite_clip5,client0,2,,0.9874500855675984,0.9855707762557078,0.9983348751156337,0.9919117647058824,0.049159925326695705,27,237,27/16215,209.44,
ton_near_iid_v2,cle_real_fq_max,client0,2,,0.9839798440768207,0.989397115028973,0.9898242368177613,0.989610629836298,0.035677245384774944,165,172,165/16215,189.26,"input:[-3.00,42.82] d0:[0.00,5.16] d1:[0.00,2.29] d2:[0.00,3.30] d3:[-6.96,3.03]"
ton_near_iid_v2,cle_real_fq_clip5_max,client0,2,,0.9872599353489256,0.9855081288436948,0.9981498612395929,0.9917887125436606,0.04936735117195602,30,238,30/16215,189.26,"input:[-3.00,5.00] d0:[0.00,1.08] d1:[0.00,1.13] d2:[0.00,2.14] d3:[-3.60,3.03]"
