model,method,runs_ok,runs_failed,f1_mean,f1_min,f1_max,f1_sd,far_mean,missed_mean,missed_range
cic_near_iid,df_bn_k3,1,0,82.68,82.68,82.68,0.0,8.42,532/85173,532-532
cic_near_iid,df_bn_k4,1,0,83.03,83.03,83.03,0.0,8.37,72/85173,72-72
cic_near_iid,df_bn_k6,1,0,82.51,82.51,82.51,0.0,8.69,66/85173,66-66
cic_near_iid,df_gauss_tflite,3,0,82.22,80.58,83.22,1.17,8.87,54/85173,49-59
cic_near_iid,df_gauss_fq_max,3,0,80.59,79.48,81.3,0.8,9.87,61/85173,52-76
cic_near_iid,real_tflite_max,3,0,77.57,69.11,83.46,6.13,12.1,291/85173,86-420
cic_near_iid,real_tflite_clip5,3,0,84.19,83.78,84.85,0.47,7.69,65/85173,62-71
cic_near_iid,real_fq_max,3,0,76.78,69.05,81.76,5.54,12.56,378/85173,65-774
cic_near_iid,real_fq_clip5_max,3,0,82.86,82.29,83.53,0.51,8.42,224/85173,201-244
cic_near_iid,cle_df_bn_k3,1,0,83.83,83.83,83.83,0.0,7.81,327/85173,327-327
cic_near_iid,cle_df_bn_k4,1,0,83.83,83.83,83.83,0.0,7.91,59/85173,59-59
cic_near_iid,cle_df_bn_k6,1,0,84.64,84.64,84.64,0.0,7.44,55/85173,55-55
cic_near_iid,cle_df_gauss_tflite,3,0,81.96,80.51,83.06,1.07,9.03,53/85173,45-66
cic_near_iid,cle_df_gauss_fq_max,3,0,81.29,80.2,82.5,0.94,9.44,48/85173,43-56
cic_near_iid,cle_real_tflite_max,3,0,78.2,70.53,83.56,5.57,11.57,394/85173,216-607
cic_near_iid,cle_real_tflite_clip5,3,0,84.74,84.46,84.89,0.2,7.38,64/85173,59-67
cic_near_iid,cle_real_fq_max,3,0,77.53,69.6,83.48,5.84,12.11,254/85173,74-357
cic_near_iid,cle_real_fq_clip5_max,3,0,84.46,84.04,84.69,0.3,7.54,58/85173,57-59
ton_near_iid_v2,df_bn_k3,1,0,98.36,98.36,98.36,0.0,5.19,282/16215,282-282
ton_near_iid_v2,df_bn_k4,1,0,99.17,99.17,99.17,0.0,5.06,26/16215,26-26
ton_near_iid_v2,df_bn_k6,1,0,99.26,99.26,99.26,0.0,4.44,27/16215,27-27
ton_near_iid_v2,df_gauss_tflite,3,0,99.16,99.08,99.22,0.06,5.06,29/16215,24-34
ton_near_iid_v2,df_gauss_fq_max,3,0,99.17,99.08,99.23,0.06,5.05,29/16215,25-32
ton_near_iid_v2,real_tflite_max,3,0,76.93,32.72,99.09,31.26,3.06,4435/16215,120-13024
ton_near_iid_v2,real_tflite_clip5,3,0,99.19,99.19,99.19,0.0,4.94,27/16215,27-27
ton_near_iid_v2,real_fq_max,3,0,84.51,55.48,99.08,20.53,3.13,3411/16215,124-9950
ton_near_iid_v2,real_fq_clip5_max,3,0,99.19,99.18,99.19,0.0,4.93,28/16215,27-30
ton_near_iid_v2,cle_df_bn_k3,1,0,98.77,98.77,98.77,0.0,5.54,132/16215,132-132
ton_near_iid_v2,cle_df_bn_k4,1,0,99.17,99.17,99.17,0.0,5.06,26/16215,26-26
ton_near_iid_v2,cle_df_bn_k6,1,0,99.25,99.25,99.25,0.0,4.48,30/16215,30-30
ton_near_iid_v2,cle_df_gauss_tflite,3,0,99.18,99.08,99.27,0.08,4.95,29/16215,26-32
ton_near_iid_v2,cle_df_gauss_fq_max,3,0,99.17,99.13,99.22,0.04,4.98,29/16215,25-33
ton_near_iid_v2,cle_real_tflite_max,3,0,76.28,30.78,99.09,32.18,3.08,4510/16215,120-13248
ton_near_iid_v2,cle_real_tflite_clip5,3,0,99.19,99.18,99.19,0.0,4.92,28/16215,27-30
ton_near_iid_v2,cle_real_fq_max,3,0,84.05,54.1,99.09,21.18,3.1,3483/16215,120-10165
ton_near_iid_v2,cle_real_fq_clip5_max,3,0,99.18,99.18,99.19,0.0,4.93,29/16215,27-30
