model,method,source,draw,accuracy,precision,attack_recall,f1,false_alarm_rate,fn,fp,missed,size_kb,ranges,init_ranges
ton_near_iid_v2,qat_default,client0_ft,0,0.9924415288077582,0.9945786101527846,0.9956213382670367,0.9950997010509445,0.01825347438290811,71,88,71/16215,56.7,"input:[-3.00,84.62] d0:[-5.21,6.70] d1:[-5.21,8.36] d2:[-5.21,7.07] d3:[-6.69,6.30]",
ton_near_iid_v2,qat_learned_max,client0_ft,0,0.9922038410344172,0.9945769396684538,0.9953129818069688,0.9949448246100733,0.01825347438290811,76,88,76/16215,56.7,"input:[-3.00,84.62] d0:[0.00,17.91] d1:[0.00,30.02] d2:[0.00,28.49] d3:[-26.33,7.35]","input:[-3.00,42.82] d0:[0.00,17.89] d1:[0.00,30.02] d2:[0.00,27.09] d3:[-26.88,7.14]"
ton_near_iid_v2,qat_learned_pct9999,client0_ft,0,0.9923464536984218,0.9945170034499754,0.9955596669750231,0.9950380620704534,0.01846090022816843,72,89,72/16215,56.7,"input:[-3.00,84.62] d0:[0.00,11.82] d1:[0.00,19.74] d2:[0.00,27.64] d3:[-25.82,7.36]","input:[-2.00,26.70] d0:[0.00,9.97] d1:[0.00,22.64] d2:[0.00,24.54] d3:[-26.55,7.14]"
ton_near_iid_v2,qat_learned_clip5_max,client0_ft,0,0.9924415288077582,0.9944567627494457,0.9957446808510638,0.9951003050753444,0.018668326073428748,69,90,69/16215,56.7,"input:[-3.00,84.62] d0:[0.00,4.49] d1:[0.00,15.65] d2:[0.00,19.81] d3:[-16.68,7.29]","input:[-3.00,5.00] d0:[0.00,3.97] d1:[0.00,12.98] d2:[0.00,16.33] d3:[-16.44,7.09]"
ton_near_iid_v2,qat_default,client0_ft,1,0.9838372314128161,0.9912123274955134,0.9877890841813136,0.9894977451040958,0.02945447002696536,198,142,198/16215,56.7,"input:[-3.00,194.19] d0:[-5.21,7.09] d1:[-5.21,8.82] d2:[-5.21,7.11] d3:[-6.53,6.28]",
ton_near_iid_v2,qat_learned_max,client0_ft,1,0.9831241680927933,0.9904750123701138,0.9876040703052729,0.9890374579254547,0.03194358017008919,201,154,201/16215,56.7,"input:[-3.00,194.19] d0:[0.00,22.42] d1:[0.00,37.07] d2:[0.00,37.26] d3:[-26.37,20.72]","input:[-3.00,43.25] d0:[0.00,20.60] d1:[0.00,34.81] d2:[0.00,34.98] d3:[-27.66,22.28]"
ton_near_iid_v2,qat_learned_pct9999,client0_ft,1,0.9838847689674843,0.9913344887348353,0.9877274128893,0.9895276636495629,0.029039618336444722,199,140,199/16215,56.7,"input:[-3.00,194.19] d0:[0.00,12.26] d1:[0.00,27.30] d2:[0.00,31.91] d3:[-26.36,19.54]","input:[-2.00,29.22] d0:[0.00,10.25] d1:[0.00,25.54] d2:[0.00,29.96] d3:[-27.61,20.83]"
ton_near_iid_v2,qat_learned_clip5_max,client0_ft,1,0.9837421563034797,0.9909681410454686,0.9879124267653407,0.9894379246448426,0.030284173408006636,196,146,196/16215,56.7,"input:[-3.00,194.19] d0:[0.00,6.71] d1:[0.00,16.95] d2:[0.00,19.09] d3:[-17.09,11.04]","input:[-3.00,5.00] d0:[0.00,5.33] d1:[0.00,13.33] d2:[0.00,17.43] d3:[-17.17,11.23]"
ton_near_iid_v2,qat_default,client0_ft,2,0.983029092983457,0.9935267023527947,0.9843971631205674,0.9889408630463741,0.02157228790707322,253,104,253/16215,56.7,"input:[-3.00,180.17] d0:[-5.21,7.07] d1:[-5.21,8.43] d2:[-5.21,7.44] d3:[-6.33,6.10]",
ton_near_iid_v2,qat_learned_max,client0_ft,2,0.9831241680927933,0.9929139731476877,0.9851372186247301,0.9890103086400645,0.023646546359676415,241,114,241/16215,56.7,"input:[-3.00,180.17] d0:[0.00,20.66] d1:[0.00,30.17] d2:[0.00,27.08] d3:[-18.48,7.28]","input:[-3.00,47.67] d0:[0.00,19.56] d1:[0.00,28.50] d2:[0.00,22.37] d3:[-19.31,7.36]"
ton_near_iid_v2,qat_learned_pct9999,client0_ft,2,0.9829815554287887,0.993464865874152,0.9843971631205674,0.988910228610371,0.021779713752333542,253,105,253/16215,56.7,"input:[-3.00,180.17] d0:[0.00,11.58] d1:[0.00,21.69] d2:[0.00,21.91] d3:[-18.30,7.34]","input:[-2.00,26.34] d0:[0.00,10.72] d1:[0.00,24.72] d2:[0.00,19.03] d3:[-19.00,7.36]"
ton_near_iid_v2,qat_learned_clip5_max,client0_ft,2,0.9833143183114661,0.9932835820895523,0.985013876040703,0.9891314444960521,0.0224019912881145,243,108,243/16215,56.7,"input:[-3.00,180.17] d0:[0.00,4.34] d1:[0.00,18.48] d2:[0.00,22.63] d3:[-13.69,7.37]","input:[-3.00,5.00] d0:[0.00,4.05] d1:[0.00,13.20] d2:[0.00,15.24] d3:[-13.69,7.36]"
ton_near_iid_v2,qat_default,client0_ft,3,0.9822684921087659,0.992232165050957,0.9847055195806352,0.9884545145015012,0.02592823065753993,248,125,248/16215,56.7,"input:[-3.00,194.19] d0:[-5.21,7.08] d1:[-5.21,8.76] d2:[-5.21,7.47] d3:[-6.60,6.12]",
ton_near_iid_v2,qat_learned_max,client0_ft,3,0.9842650694048298,0.9918865353647962,0.9876657415972865,0.9897716387009056,0.027172785729101846,200,131,200/16215,56.7,"input:[-3.00,194.19] d0:[0.00,23.92] d1:[0.00,84.69] d2:[0.00,69.51] d3:[-38.50,8.55]","input:[-3.00,84.62] d0:[0.00,23.92] d1:[0.00,84.69] d2:[0.00,69.51] d3:[-41.10,8.43]"
ton_near_iid_v2,qat_learned_pct9999,client0_ft,3,0.9821734169994295,0.9922311995027968,0.9845821769966081,0.9883918898003405,0.02592823065753993,250,125,250/16215,56.7,"input:[-3.00,194.19] d0:[0.00,12.55] d1:[0.00,29.14] d2:[0.00,34.10] d3:[-37.15,8.36]","input:[-2.00,31.97] d0:[0.00,11.28] d1:[0.00,27.10] d2:[0.00,34.09] d3:[-39.12,8.43]"
ton_near_iid_v2,qat_learned_clip5_max,client0_ft,3,0.9823635672181023,0.9921108212200274,0.9849522047486895,0.9885185529044038,0.026343082348060567,244,127,244/16215,56.7,"input:[-3.00,194.19] d0:[0.00,5.45] d1:[0.00,15.66] d2:[0.00,22.52] d3:[-23.39,8.33]","input:[-3.00,5.00] d0:[0.00,5.58] d1:[0.00,13.70] d2:[0.00,20.30] d3:[-23.84,8.43]"
ton_near_iid_v2,qat_default,client0_ft,4,0.9814128161247385,0.9911845045939905,0.9846438482886216,0.9879033505553322,0.02945447002696536,249,142,249/16215,56.7,"input:[-3.00,180.17] d0:[-5.21,6.99] d1:[-5.21,8.85] d2:[-5.21,7.66] d3:[-6.42,6.07]",
ton_near_iid_v2,qat_learned_max,client0_ft,4,0.9803669899220384,0.9914779795969146,0.9829787234042553,0.9872100585302407,0.028417340800663764,276,137,276/16215,56.7,"input:[-3.00,180.17] d0:[0.00,29.11] d1:[0.00,70.78] d2:[0.00,43.76] d3:[-19.64,7.00]","input:[-3.00,100.98] d0:[0.00,30.43] d1:[0.00,69.14] d2:[0.00,48.68] d3:[-19.75,6.88]"
ton_near_iid_v2,qat_learned_pct9999,client0_ft,4,0.981032515687393,0.991668739119622,0.9836571076164046,0.9876466763676894,0.027795063264882805,265,134,265/16215,56.7,"input:[-3.00,180.17] d0:[0.00,13.49] d1:[0.00,28.64] d2:[0.00,35.75] d3:[-19.28,6.99]","input:[-2.00,31.51] d0:[0.00,10.43] d1:[0.00,26.43] d2:[0.00,27.86] d3:[-19.45,6.88]"
ton_near_iid_v2,qat_learned_clip5_max,client0_ft,4,0.9808899030233885,0.9909954666832267,0.9841504779525131,0.9875611114549167,0.03007674756274632,257,145,257/16215,56.7,"input:[-3.00,180.17] d0:[0.00,6.55] d1:[0.00,15.41] d2:[0.00,18.56] d3:[-16.31,6.92]","input:[-3.00,5.00] d0:[0.00,5.27] d1:[0.00,11.99] d2:[0.00,15.94] d3:[-16.34,6.88]"
