model,part,variant,method,mcu,params,size_kb,latency_ms,accuracy,precision,attack_recall,f1,false_alarm_rate,fp,fn,threshold
cic_near_iid,quant,federated,fp32,yes,204801,802.44,0.0087,0.9431676565134854,0.7500969333803313,0.9993894778861846,0.8569817722360095,0.06837843833185447,28359,52,0.3
cic_near_iid,quant,federated,dynamic_range,no,204801,216.09,0.0031,0.9426095549389989,0.7482616454372039,0.9993777370763035,0.8557784145176695,0.06904874426140967,28637,53,0.3
cic_near_iid,quant,federated,float16,no,204801,403.69,0.0091,0.9431636557853529,0.7500837137167128,0.9993894778861846,0.8569731443960634,0.06838326067667143,28361,52,0.3
cic_near_iid,quant,federated,int8,yes,204801,226.91,0.0031,0.9399930787403308,0.7397599575884516,0.9993659962664224,0.8501867796000718,0.07220014659928244,29944,54,0.3
cic_near_iid,quant,federated,int16x8,untested,204801,237.59,0.0439,0.9421634737522229,0.7467890230207749,0.9994012186960657,0.8548230792791617,0.06959125805331584,28862,51,0.3
cic_near_iid,quant,pruned50_clientft,fp32,yes,61441,242.53,0.0033,0.9596966647929923,0.8105864483526142,0.996242940838059,0.8938763470877622,0.04780872651518074,19828,320,0.3
cic_near_iid,quant,pruned50_clientft,dynamic_range,no,61441,69.38,0.0025,0.963017269142984,0.8261422436982188,0.9916170617449191,0.901347875735035,0.04285617838817947,17774,714,0.3
cic_near_iid,quant,pruned50_clientft,float16,no,61441,123.72,0.0037,0.9595346353036253,0.8099538009239815,0.9962546816479401,0.8934962645508774,0.04800644265267544,19910,319,0.3
cic_near_iid,quant,pruned50_clientft,int8,yes,61441,75.09,0.0019,0.9488346879132002,0.7707411479297468,0.9959376797811513,0.8689866415341747,0.06083870221056287,25232,346,0.3
cic_near_iid,quant,pruned50_clientft,int16x8,untested,61441,80.55,0.0157,0.9606588399088634,0.814334248258124,0.996231200028178,0.8961456611624801,0.04664654141429729,19346,321,0.3
cic_near_iid,distill,student_r500_kd,fp32,yes,61441,242.55,0.0032,0.9532394895871048,0.785988652456012,0.9970178342902093,0.8790149782106885,0.055751128428687166,23122,254,0.3
cic_near_iid,distill,student_r500_kd,int8,yes,61441,75.1,0.0024,0.9520632755161439,0.7817030402886571,0.9970882791494957,0.876355681220139,0.05718336483931947,23716,248,0.3
cic_near_iid,distill,student_r500_kd,int8_qat,yes,61441,65.43,0.0024,0.9509130661780444,0.7781988694758479,0.9956793819637678,0.8736073840194902,0.05828044828517418,24171,368,0.3
cic_near_iid,distill,student_r500_scratch,fp32,yes,61441,242.55,0.0033,0.9613749702445845,0.8190714258032011,0.9925445857255234,0.8975024550786953,0.04502623355580417,18674,635,0.3
cic_near_iid,distill,student_r500_scratch,int8,yes,61441,75.1,0.0019,0.9598706964667569,0.8149402159192044,0.989069306000728,0.8936009971094434,0.046125728174067356,19130,931,0.3
cic_near_iid,distill,student_r500_scratch,int8_qat,yes,61441,65.44,0.0023,0.9505169940929249,0.7790985499214925,0.9903725358975262,0.8721225373882745,0.05766801049342232,23917,820,0.3
cic_near_iid,distill,student_r250_kd,fp32,yes,20481,82.55,0.002,0.9506430170290993,0.7767085319111957,0.9969004261913987,0.8731361701252494,0.058856718490798966,24410,264,0.3
cic_near_iid,distill,student_r250_kd,int8,yes,20481,29.2,0.0016,0.9509110658139781,0.7776719392568304,0.9968769445716366,0.8737355547094476,0.05852879904324679,24274,266,0.3
cic_near_iid,distill,student_r250_kd,int8_qat,yes,20481,24.78,0.0019,0.9467283045514283,0.7637169576733878,0.9952449719981684,0.8642432213369221,0.06323540758458393,26226,405,0.3
cic_near_iid,distill,student_r250_scratch,fp32,yes,20481,82.55,0.002,0.9565360895683014,0.7992378149437322,0.9947753396029259,0.8863503222026947,0.05131698236950735,21283,445,0.3
cic_near_iid,distill,student_r250_scratch,int8,yes,20481,29.2,0.0016,0.9571802067976372,0.8038346817614378,0.9903607950876452,0.8874020304034507,0.04963398402839397,20585,821,0.3
cic_near_iid,distill,student_r250_scratch,int8_qat,yes,20481,24.78,0.0019,0.9469523453268495,0.7650620921530703,0.9938360748124405,0.8645711513418277,0.06267601558581845,25994,525,0.3
cic_near_iid,distill,student_r125_kd,fp32,yes,7681,32.55,0.0016,0.9461341964237491,0.7614110677258651,0.9959141981613892,0.8630162073070232,0.06408896261718298,26580,348,0.3
cic_near_iid,distill,student_r125_kd,int8,yes,7681,13.74,0.0014,0.9451440162109503,0.7584031357388317,0.9949984149906661,0.8607382805953778,0.06509442151151576,26997,426,0.3
cic_near_iid,distill,student_r125_kd,int8_qat,yes,7681,11.95,0.0014,0.9473044094025113,0.7659199392492949,0.9947166355535205,0.8654520938357109,0.062432487172562785,25893,450,0.3
cic_near_iid,distill,student_r125_scratch,fp32,yes,7681,32.56,0.002,0.9550758237999316,0.7942459814767897,0.9937656299531542,0.8828738617517289,0.05286977740056325,21927,531,0.3
cic_near_iid,distill,student_r125_scratch,int8,yes,7681,13.77,0.0021,0.9562340345942961,0.8005413105413105,0.9897150505441865,0.8851333259832103,0.05064185409513522,21003,876,0.3
cic_near_iid,distill,student_r125_scratch,int8_qat,yes,7681,11.95,0.0014,0.9679281629256524,0.8641553954409472,0.9631690794030973,0.9109797062824463,0.031094479379653563,12896,3137,0.3
ton_near_iid,quant,federated,fp32,yes,183809,720.56,0.0078,0.9907777143943716,0.9918339780192792,0.9962380511871723,0.9940311365454434,0.027587637419622484,133,61,0.3
ton_near_iid,quant,federated,dynamic_range,no,183809,195.66,0.003,0.9907777143943716,0.9918339780192792,0.9962380511871723,0.9940311365454434,0.027587637419622484,133,61,0.3
ton_near_iid,quant,federated,float16,no,183809,362.77,0.0078,0.9907777143943716,0.9918339780192792,0.9962380511871723,0.9940311365454434,0.027587637419622484,133,61,0.3
ton_near_iid,quant,federated,int8,yes,183809,206.44,0.0029,0.8705077010838562,0.9537230106948275,0.8744372494603762,0.9123608519400295,0.14270898153909978,688,2036,0.3
ton_near_iid,quant,federated,int16x8,untested,183809,217.12,0.0398,0.9907301768397033,0.9917730844793713,0.9962380511871723,0.9940005537950344,0.027795063264882805,134,61,0.3
ton_near_iid,quant,pruned50_clientft,fp32,yes,50945,201.56,0.003,0.9899695759650123,0.9925520128031515,0.9944495837187789,0.9934998921783064,0.025098527276498653,121,90,0.3
ton_near_iid,quant,pruned50_clientft,dynamic_range,no,50945,59.16,0.0019,0.9900171135196806,0.992552471225457,0.9945112550107925,0.9935308976649622,0.025098527276498653,121,89,0.3
ton_near_iid,quant,pruned50_clientft,float16,no,50945,103.27,0.0035,0.9899695759650123,0.9925520128031515,0.9944495837187789,0.9934998921783064,0.025098527276498653,121,90,0.3
ton_near_iid,quant,pruned50_clientft,int8,yes,50945,64.88,0.002,0.8607149648222095,0.953877690468056,0.8609312365094048,0.9050243111831443,0.14001244555071563,675,2255,0.3
ton_near_iid,quant,pruned50_clientft,int16x8,untested,50945,70.31,0.0123,0.9899220384103442,0.9925515543244076,0.9943879124267654,0.9934688847812694,0.025098527276498653,121,91,0.3
ton_near_iid,distill,student_r500_kd,fp32,yes,50945,201.56,0.0029,0.9900171135196806,0.9919468863342964,0.9951279679309282,0.9935348808570901,0.027172785729101846,131,79,0.3
ton_near_iid,distill,student_r500_kd,int8,yes,50945,64.88,0.0018,0.9893040501996577,0.9910933660933661,0.9950662966389145,0.9930758578242807,0.03007674756274632,145,80,0.3
ton_near_iid,distill,student_r500_kd,int8_qat,yes,50945,55.19,0.0022,0.9829815554287887,0.9882983309724703,0.9896392229417206,0.988968322445458,0.03941091059946069,190,168,0.3
ton_near_iid,distill,student_r500_scratch,fp32,yes,50945,201.56,0.0029,0.9900171135196806,0.992370639266597,0.9946962688868332,0.9935320931378588,0.02572080481227961,124,86,0.3
ton_near_iid,distill,student_r500_scratch,int8,yes,50945,64.88,0.0026,0.9556474614945807,0.9916355681379487,0.9504779525131052,0.9706206505652297,0.026965359883841526,130,803,0.3
ton_near_iid,distill,student_r500_scratch,int8_qat,yes,50945,55.19,0.0019,0.9835995436394752,0.9918794941730722,0.9868023435090966,0.9893344050452901,0.027172785729101846,131,214,0.3
ton_near_iid,distill,student_r250_kd,fp32,yes,15233,62.06,0.0026,0.989874500855676,0.9903174408628508,0.9966080789392537,0.9934528017705099,0.03277328355113047,158,55,0.3
ton_near_iid,distill,student_r250_kd,int8,yes,15233,24.09,0.0016,0.9882106864422894,0.988377072245672,0.9964230650632131,0.9923837602112893,0.03941091059946069,190,58,0.3
ton_near_iid,distill,student_r250_kd,int8_qat,yes,15233,19.66,0.0019,0.9846929073968435,0.9915259479185996,0.98859081097749,0.9900562040639862,0.028417340800663764,137,185,0.3
ton_near_iid,distill,student_r250_scratch,fp32,yes,15233,62.06,0.0038,0.990112188629017,0.9923715779760074,0.9948196114708603,0.9935940868493994,0.02572080481227961,124,84,0.3
ton_near_iid,distill,student_r250_scratch,int8,yes,15233,24.09,0.0015,0.9807948279140521,0.9920946156240273,0.9829170521122418,0.9874845105328376,0.026343082348060567,127,277,0.3
ton_near_iid,distill,student_r250_scratch,int8_qat,yes,15233,19.66,0.0016,0.984312606959498,0.9919479715082069,0.9876657415972865,0.9898022249690978,0.026965359883841526,130,200,0.3
ton_near_iid,distill,student_r125_kd,fp32,yes,5057,22.31,0.0015,0.9871173226849211,0.9909471609804164,0.9923527597903176,0.991649462299325,0.030491599253266957,147,124,0.3
ton_near_iid,distill,student_r125_kd,int8,yes,5057,11.2,0.0014,0.9871173226849211,0.9909471609804164,0.9923527597903176,0.991649462299325,0.030491599253266957,147,124,0.3
ton_near_iid,distill,student_r125_kd,int8_qat,yes,5057,9.4,0.0014,0.9818881916714204,0.9914338919925512,0.985013876040703,0.9882134570765662,0.02862476664592408,138,243,0.3
ton_near_iid,distill,student_r125_scratch,fp32,yes,5057,22.31,0.0015,0.9867845598022438,0.9920953498425246,0.9907493061979649,0.9914218711429276,0.026550508193320888,128,150,0.3
ton_near_iid,distill,student_r125_scratch,int8,yes,5057,11.2,0.0017,0.980034227039361,0.9918415644267298,0.9821769966080789,0.9869856222112047,0.027172785729101846,131,289,0.3
ton_near_iid,distill,student_r125_scratch,int8_qat,yes,5057,9.4,0.0017,0.9817455790074159,0.9914322965170422,0.9848288621646624,0.9881195470577315,0.02862476664592408,138,246,0.3
