model,variant,draw,size_kb,selection,threshold,attack_recall,false_alarm_rate,precision,f1,accuracy,fn,fp,val_far
cic_near_iid,fp32_federated,0,802.44,fixed 0.05,0.05,0.9999178143308325,0.37465038000077155,0.35405139120421375,0.5229399484219575,0.6891674284719819,7,155381,
cic_near_iid,fp32_federated,0,802.44,fixed 0.1,0.1,0.9998708510913082,0.2222546390957139,0.480221496681497,0.6488236728225757,0.8155904374596177,11,92177,
cic_near_iid,fp32_federated,0,802.44,fixed 0.2,0.2,0.9997417021826166,0.11010136568805216,0.6509318574464507,0.7884826401588984,0.9086133676329092,22,45663,
cic_near_iid,fp32_federated,0,802.44,fixed 0.3,0.3,0.9993894778861846,0.06837843833185447,0.7500969333803313,0.8569817722360095,0.9431676565134854,52,28359,
cic_near_iid,fp32_federated,0,802.44,fixed 0.5,0.5,0.9471780963450859,0.029491049728019754,0.8683493891609709,0.9060524040027405,0.9665339091714692,4499,12231,
cic_near_iid,fp32_federated,0,802.44,val recall>=0.999,0.327601,0.9987906965822503,0.06302804675745534,0.7649491952162575,0.8663682701659512,0.9475044458091373,103,26140,0.061207944872314554
cic_near_iid,fp32_federated,0,802.44,val recall>=0.9995,0.314688,0.9992133657379686,0.06575026040662012,0.7573392658509455,0.861623504161014,0.9453180478847151,67,27269,0.06404539927036887
cic_near_iid,fp32_federated,0,802.44,val recall>=0.9999,0.269235,0.9995655900344006,0.07562160024690405,0.7307873887329505,0.8443016383037805,0.9371885683194341,37,31363,0.07336846372111877
cic_near_iid,hard,0,65.43,fixed 0.05,0.05,0.9970647975297336,0.09048647814513329,0.6935263901478959,0.8180460833044351,0.9244302463048275,250,37528,
cic_near_iid,hard,0,65.43,fixed 0.1,0.1,0.9963368673171076,0.07750954824273755,0.7252643004264702,0.8394598872292016,0.935072183137331,312,32146,
cic_near_iid,hard,0,65.43,fixed 0.2,0.2,0.9952567128080495,0.06507754330465645,0.758498197013216,0.8608961468933438,0.9452020267688719,404,26990,
cic_near_iid,hard,0,65.43,fixed 0.3,0.3,0.9947635987930448,0.060199741522317815,0.7723941145368024,0.8695879753883418,0.9491647479841331,446,24967,
cic_near_iid,hard,0,65.43,fixed 0.5,0.5,0.967959329834572,0.03565882874889086,0.8479014326411815,0.9039614924947643,0.9649576222872562,2729,14789,
cic_near_iid,hard,0,65.43,val recall>=0.999,0.011719,0.9983445458067698,0.14138391651556653,0.5918604570227398,0.7431502958373026,0.8824226009133662,141,58637,0.14004864207539522
cic_near_iid,hard,0,65.43,val recall>=0.9995,0.003906,0.9993190330268982,0.23075161066316885,0.47072714803999643,0.6399888717202591,0.808447137379003,58,95701,0.22993514389947303
cic_near_iid,hard,0,65.43,val recall>=0.9999,0.003906,0.9993190330268982,0.23075161066316885,0.47072714803999643,0.6399888717202591,0.808447137379003,58,95701,0.22993514389947303
cic_near_iid,kd05,0,65.44,fixed 0.05,0.05,1.0,0.963579240770032,0.17568543163835282,0.2988646910313925,0.20059250783642624,0,399631,
cic_near_iid,kd05,0,65.44,fixed 0.1,0.1,0.9998473694715462,0.3711638246981212,0.356176415232439,0.5252445508036563,0.6920479527273964,13,153935,
cic_near_iid,kd05,0,65.44,fixed 0.2,0.2,0.9976048747842626,0.12196674511014235,0.6268323091336968,0.7699047688083869,0.8984055098027841,204,50584,
cic_near_iid,kd05,0,65.44,fixed 0.3,0.3,0.9960903103096052,0.07444977045638672,0.733167987417579,0.8446413460102544,0.9375686374920236,333,30877,
cic_near_iid,kd05,0,65.44,fixed 0.5,0.5,0.9898794218825214,0.05612244897959184,0.7836541589597256,0.8747769246731687,0.9517152121686147,862,23276,
cic_near_iid,kd05,0,65.44,val recall>=0.999,0.171875,0.9986615476735585,0.16945960803981328,0.547566628041715,0.7073131182098265,0.8591843715556231,114,70281,0.17024726388325903
cic_near_iid,kd05,0,65.44,val recall>=0.9995,0.140625,0.9997417021826166,0.24249160912001852,0.4584888084815395,0.6286665633052042,0.7987793778467681,22,100570,0.24087961086339685
cic_near_iid,kd05,0,65.44,val recall>=0.9999,0.140625,0.9997417021826166,0.24249160912001852,0.4584888084815395,0.6286665633052042,0.7987793778467681,22,100570,0.24087961086339685
cic_near_iid,kd0,0,65.44,fixed 0.05,0.05,1.0,0.9972753751784268,0.17076300325394614,0.2917123325204811,0.1726374200104419,0,413606,
cic_near_iid,kd0,0,65.44,fixed 0.1,0.1,0.9999882591901189,0.9502406350063655,0.17771156610769273,0.30179078881164473,0.2116565214869106,1,394099,
cic_near_iid,kd0,0,65.44,fixed 0.2,0.2,0.9997886654221408,0.3186533119864203,0.39185594905021354,0.5630361836124106,0.7356018795420767,18,132157,
cic_near_iid,kd0,0,65.44,fixed 0.3,0.3,0.9984384722858183,0.17262788858454534,0.5429182494333961,0.7033679613577715,0.8565178862552985,133,71595,
cic_near_iid,kd0,0,65.44,fixed 0.5,0.5,0.9838916088431781,0.05107345395625169,0.7982339997904423,0.8813921201539789,0.9548837888495706,1372,21182,
cic_near_iid,kd0,0,65.44,val recall>=0.999,0.296875,0.9991664024984444,0.19205470467960342,0.5165398108695388,0.6810148563380508,0.8405249755455493,71,79652,0.18899473044183218
cic_near_iid,kd0,0,65.44,val recall>=0.9995,0.277344,0.999471663555352,0.21233989815207746,0.49152101990265196,0.6589721557790112,0.8237479221218261,45,88065,0.21037697608431294
cic_near_iid,kd0,0,65.44,val recall>=0.9999,0.222656,0.9997886654221408,0.2860012152308939,0.41789762968052213,0.5894242116957323,0.7626908097273704,18,118615,0.2852655046615322
cic_near_iid,cw4,0,65.44,fixed 0.05,0.05,0.998391509046294,0.13966475058832606,0.59482372691662,0.7454949525057752,0.8838568619488747,137,57924,
cic_near_iid,cw4,0,65.44,fixed 0.1,0.1,0.9974757258755709,0.10033611743374098,0.6712280064153716,0.8024595738249962,0.9163287718364742,215,41613,
cic_near_iid,cw4,0,65.44,fixed 0.2,0.2,0.9969239078111608,0.08235118243894911,0.7131482803510687,0.831490711816606,0.9311554702955938,262,34154,
cic_near_iid,cw4,0,65.44,fixed 0.3,0.3,0.9966186467542532,0.0762099263145712,0.7286766473234213,0.8418416681129597,0.9361983881066354,288,31607,
cic_near_iid,cw4,0,65.44,fixed 0.5,0.5,0.9954445657661466,0.0648243702017669,0.7592459926569356,0.8614479559852269,0.9454440708208894,388,26885,
cic_near_iid,cw4,0,65.44,val recall>=0.999,0.066406,0.9983328049968887,0.1322672736391343,0.6078549114642533,0.7556296098818093,0.8899839770838293,142,54856,0.13133360356708554
cic_near_iid,cw4,0,65.44,val recall>=0.9995,0.042969,0.9990959576391579,0.16737876625130205,0.5507332668884373,0.7100593690938599,0.8609846992152572,77,69418,0.16730847182813133
cic_near_iid,cw4,0,65.44,val recall>=0.9999,0.011719,0.9993542554565414,0.25248109640831756,0.44838830328028617,0.6190309959127868,0.7904258575060661,55,104713,0.2496959870287799
cic_near_iid,kd05_clip,0,65.44,fixed 0.05,0.05,0.9999882591901189,0.9564783380270823,0.17675746796774153,0.30041391035058046,0.20648157964749583,1,396686,
cic_near_iid,kd05_clip,0,65.44,fixed 0.1,0.1,0.9998591102814273,0.28881746460398905,0.4155330236552424,0.5870803848102661,0.7603663866823762,12,119783,
cic_near_iid,kd05_clip,0,65.44,fixed 0.2,0.2,0.9988141782020123,0.09015614752517263,0.6946751263646979,0.8194340095166541,0.9250023504277779,101,37391,
cic_near_iid,kd05_clip,0,65.44,fixed 0.3,0.3,0.9965716835147288,0.05976573048879287,0.7739814713498924,0.8712847911887128,0.949832869582264,292,24787,
cic_near_iid,kd05_clip,0,65.44,fixed 0.5,0.5,0.9942235215385157,0.04302978280158944,0.8259385332644084,0.9023015450186468,0.963317323752923,492,17846,
cic_near_iid,kd05_clip,0,65.44,val recall>=0.999,0.171875,0.9995773308442817,0.11620404305389452,0.6385386744268025,0.7792717753450739,0.9035224410842774,36,48194,0.11410620186461289
cic_near_iid,kd05_clip,0,65.44,val recall>=0.9995,0.171875,0.9995773308442817,0.11620404305389452,0.6385386744268025,0.7792717753450739,0.9035224410842774,36,48194,0.11410620186461289
cic_near_iid,kd05_clip,0,65.44,val recall>=0.9999,0.152344,0.9997064797529733,0.15841161606419504,0.5644659820878108,0.7215320735530888,0.8685280721091239,25,65699,0.1577827320632347
cic_near_iid,kd05_ft50k,0,65.44,fixed 0.05,0.05,0.9999178143308325,0.9312622969792832,0.18066840053119046,0.30604042280623894,0.227389384868046,7,386228,
cic_near_iid,kd05_ft50k,0,65.44,fixed 0.1,0.1,0.9998356286616651,0.32079202191273487,0.39027419421364506,0.5614089446759137,0.733835558071569,14,133044,
cic_near_iid,kd05_ft50k,0,65.44,fixed 0.2,0.2,0.9946227090744719,0.13263859419003896,0.6062980855251386,0.7533637471209171,0.8890438059726871,458,55010,
cic_near_iid,kd05_ft50k,0,65.44,fixed 0.3,0.3,0.9886231552252475,0.1020769839126577,0.665439113632951,0.7954579806529625,0.9133762344746744,969,42335,
cic_near_iid,kd05_ft50k,0,65.44,fixed 0.5,0.5,0.9766005659070363,0.07939749623857104,0.716395800497808,0.8265021214018143,0.9301432860780662,1993,32929,
cic_near_iid,kd05_ft50k,0,65.44,val recall>=0.999,0.152344,0.9995303676047573,0.24523552332085954,0.45564410381019155,0.6259457233818848,0.7964669569861715,40,101708,0.24361572760437777
cic_near_iid,kd05_ft50k,0,65.44,val recall>=0.9995,0.152344,0.9995303676047573,0.24523552332085954,0.45564410381019155,0.6259457233818848,0.7964669569861715,40,101708,0.24361572760437777
cic_near_iid,kd05_ft50k,0,65.44,val recall>=0.9999,0.121094,0.9996712573233302,0.27368253539601095,0.4286160150213188,0.5999844974350302,0.7728906661012305,28,113506,0.2718889339278476
cic_near_iid,hard,1,65.44,fixed 0.05,0.05,0.9975461707348573,0.08518913236372054,0.7062970198262605,0.827029026417739,0.9289070610851174,209,35331,
cic_near_iid,hard,1,65.44,fixed 0.1,0.1,0.9968886853815176,0.0735238802515335,0.7357648547239626,0.8466501141723254,0.9384728020499731,265,30493,
cic_near_iid,hard,1,65.44,fixed 0.2,0.2,0.9959963838305567,0.061041240692874504,0.7701637796419363,0.8686418767055257,0.9486766591519656,341,25316,
cic_near_iid,hard,1,65.44,fixed 0.3,0.3,0.9946109682645909,0.05528094980903515,0.7870049516448193,0.8787121267127905,0.9532194859464422,459,22927,
cic_near_iid,hard,1,65.44,fixed 0.5,0.5,0.9886466368450095,0.04410998804058485,0.8215219512195122,0.8973693605366782,0.961470987719765,967,18294,
cic_near_iid,hard,1,65.44,val recall>=0.999,0.011719,0.9994364411257088,0.1572253192392269,0.5662467072878695,0.7229145878006836,0.8694662428561998,48,65207,0.15605999189298744
cic_near_iid,hard,1,65.44,val recall>=0.9995,0.003906,0.9997886654221408,0.27872670807453415,0.424177969943164,0.595643628071599,0.768725908115277,18,115598,0.2766518038102959
cic_near_iid,hard,1,65.44,val recall>=0.9999,0.003906,0.9997886654221408,0.27872670807453415,0.424177969943164,0.595643628071599,0.768725908115277,18,115598,0.2766518038102959
cic_near_iid,kd05,1,65.44,fixed 0.05,0.05,1.0,0.9430866864704294,0.1788202937193605,0.30338855663089204,0.21759360203557046,0,391132,
cic_near_iid,kd05,1,65.44,fixed 0.1,0.1,0.9999295551407136,0.33336387485050734,0.38118831822759314,0.5519608033752649,0.7234216627426192,6,138258,
cic_near_iid,kd05,1,65.44,fixed 0.2,0.2,0.9979805807004567,0.1095564407237375,0.6516582590962756,0.7884662656357978,0.908765395301945,172,45437,
cic_near_iid,kd05,1,65.44,fixed 0.3,0.3,0.996231200028178,0.0721856795648316,0.7391933095217353,0.8486770052459705,0.9394709837190368,321,29938,
cic_near_iid,kd05,1,65.44,fixed 0.5,0.5,0.9855470630364083,0.04253067011303576,0.8263553223535898,0.898957987512985,0.9622531300696727,1231,17639,
cic_near_iid,kd05,1,65.44,val recall>=0.999,0.164062,0.9995538492245195,0.16904247521314764,0.5483983174764724,0.7082307333954478,0.8596824622081218,38,70108,0.1690312119983786
cic_near_iid,kd05,1,65.44,val recall>=0.9995,0.164062,0.9995538492245195,0.16904247521314764,0.5483983174764724,0.7082307333954478,0.8596824622081218,38,70108,0.1690312119983786
cic_near_iid,kd05,1,65.44,val recall>=0.9999,0.152344,0.9997299613727355,0.2003684271440145,0.5060921248142645,0.6719989898312307,0.8337237377202651,23,83100,0.19689906769355492
cic_near_iid,kd0,1,65.44,fixed 0.05,0.05,1.0,0.999785405655646,0.17040734664479212,0.291193227953155,0.1705550410174652,0,414647,
cic_near_iid,kd0,1,65.44,fixed 0.1,0.1,1.0,0.9646859689055206,0.17551925450734962,0.29862421025320984,0.19967434073001286,0,400090,
cic_near_iid,kd0,1,65.44,fixed 0.2,0.2,0.999823887851784,0.3265740133482505,0.3860290117860381,0.5570014357055725,0.7290366846766111,15,135442,
cic_near_iid,kd0,1,65.44,fixed 0.3,0.3,0.9992368473577308,0.17815188457235445,0.5352906398983609,0.6971294237140973,0.8520710769360024,65,73886,
cic_near_iid,kd0,1,65.44,fixed 0.5,0.5,0.9850891714510467,0.051963176574977815,0.7956360119104064,0.8802845347196359,0.9543496916438792,1270,21551,
cic_near_iid,kd0,1,65.44,val recall>=0.999,0.324219,0.9990607352095148,0.14889954091277344,0.5794670643595035,0.7334971123179036,0.8763094883268755,80,61754,0.14643291447101742
cic_near_iid,kd0,1,65.44,val recall>=0.9995,0.324219,0.9990607352095148,0.14889954091277344,0.5794670643595035,0.7334971123179036,0.8763094883268755,80,61754,0.14643291447101742
cic_near_iid,kd0,1,65.44,val recall>=0.9999,0.175781,0.9999765183802378,0.5107996412175456,0.28675366476105824,0.44569861666025623,0.5762248729268727,2,211847,0.5139845966761248
cic_near_iid,cw4,1,65.44,fixed 0.05,0.05,0.9984502130956994,0.10858714941553181,0.6537793290076571,0.7901639496583026,0.9096495562192319,132,45035,
cic_near_iid,cw4,1,65.44,fixed 0.1,0.1,0.9973465769668792,0.08577263608657074,0.7048373713906405,0.8259590749320589,0.9283889667919561,226,35573,
cic_near_iid,cw4,1,65.44,fixed 0.2,0.2,0.9969943526704472,0.07269202577061071,0.737991569982184,0.8481606887803514,0.9391809309294291,256,30148,
cic_near_iid,cw4,1,65.44,fixed 0.3,0.3,0.9961020511194862,0.06615051502642645,0.7556467989597064,0.859371280685139,0.944455890972157,332,27435,
cic_near_iid,cw4,1,65.44,fixed 0.5,0.5,0.9948575252720933,0.05754504070059026,0.7802414342409371,0.8745755364496787,0.9513831517336155,438,23866,
cic_near_iid,cw4,1,65.44,val recall>=0.999,0.011719,0.9995421084146384,0.22760503067011303,0.474204868267142,0.6432416708537493,0.8110956194027313,39,94396,0.2255776246453182
cic_near_iid,cw4,1,65.44,val recall>=0.9995,0.007812,0.999636034893687,0.2637436827282898,0.4376895633488582,0.6088116153436373,0.7811301656901556,31,109384,0.26074179164977707
cic_near_iid,cw4,1,65.44,val recall>=0.9999,0.003906,0.9998591102814273,0.35180452143050034,0.368555440629774,0.5385846192764988,0.7081108761794647,12,145906,0.3450547223348196
cic_near_iid,kd05_clip,1,65.45,fixed 0.05,0.05,1.0,0.986449211064388,0.17231417247804423,0.29397268500781765,0.18161905466794956,0,409116,
cic_near_iid,kd05_clip,1,65.45,fixed 0.1,0.1,0.9999647775703568,0.39060993017244705,0.34458065299186796,0.5125427645534885,0.6759350201736716,3,162000,
cic_near_iid,kd05_clip,1,65.45,fixed 0.2,0.2,0.9993894778861846,0.10875352031171637,0.6536456133614897,0.7903601704751205,0.9096715602239608,52,45104,
cic_near_iid,kd05_clip,1,65.45,fixed 0.3,0.3,0.9972526504878306,0.061376393657652094,0.7694168161313115,0.8686434827961772,0.9486126475018454,234,25455,
cic_near_iid,kd05_clip,1,65.45,fixed 0.5,0.5,0.9939300012914891,0.050205431889201804,0.8025939058381842,0.8880729710308365,0.9573142311900766,517,20822,
cic_near_iid,kd05_clip,1,65.45,val recall>=0.999,0.210938,0.9992720697873739,0.1008496971567455,0.670497963556725,0.8025175616425441,0.9162087499924987,62,41826,0.09931090393190109
cic_near_iid,kd05_clip,1,65.45,val recall>=0.9995,0.195312,0.9995186267948764,0.11476216195362833,0.6414019649207402,0.781382370893204,0.9047086569755696,41,47596,0.11289014997973247
cic_near_iid,kd05_clip,1,65.45,val recall>=0.9999,0.175781,0.9997064797529733,0.14158645499787817,0.5918439691663945,0.7435142899555541,0.8824866125634866,25,58721,0.14035265504661532
cic_near_iid,kd05_ft50k,1,65.45,fixed 0.05,0.05,0.9999882591901189,0.933468519733035,0.1803288059875295,0.30555635278248144,0.2255710539318156,1,387143,
cic_near_iid,kd05_ft50k,1,65.45,fixed 0.1,0.1,0.9998473694715462,0.27988648200300914,0.4231784097515889,0.5946678211806767,0.7677737348197372,13,116079,
cic_near_iid,kd05_ft50k,1,65.45,fixed 0.2,0.2,0.9983680274265319,0.09253356351992593,0.6890309615836514,0.8153453764430637,0.9229539776239275,139,38377,
cic_near_iid,kd05_ft50k,1,65.45,fixed 0.3,0.3,0.9963486081269886,0.06039986883222098,0.7720903995924012,0.8700002562985365,0.9492687669155786,311,25050,
cic_near_iid,kd05_ft50k,1,65.45,fixed 0.5,0.5,0.9897737545935918,0.04835606265190386,0.8078231455484539,0.8895900385163299,0.958140381549442,871,20055,
cic_near_iid,kd05_ft50k,1,65.45,val recall>=0.999,0.183594,0.9992485881676118,0.11055948844566182,0.6498755364151433,0.7875540749994216,0.9081492831695368,64,45853,0.10599918929874341
cic_near_iid,kd05_ft50k,1,65.45,val recall>=0.9995,0.179688,0.9993425146466604,0.12065506731993364,0.6297639042003004,0.7726319611491853,0.899789761736636,56,50040,0.11613295500608026
cic_near_iid,kd05_ft50k,1,65.45,val recall>=0.9999,0.148438,0.9996829981332113,0.1623466494348212,0.5584186467467225,0.7165663791289711,0.865259477224855,27,67331,0.16102553708958248
cic_near_iid,hard,2,65.45,fixed 0.05,0.05,0.9965247202752046,0.08905665290690945,0.6967868518700949,0.820127062347513,0.9255244454490718,296,36935,
cic_near_iid,hard,2,65.45,fixed 0.1,0.1,0.9960433470700809,0.07717198410555148,0.7260745279950702,0.8398980273742048,0.9353022250049509,337,32006,
cic_near_iid,hard,2,65.45,fixed 0.2,0.2,0.9945522642151856,0.06696790247289842,0.7530826880506387,0.8571356295786619,0.9435137194969484,464,27774,
cic_near_iid,hard,2,65.45,fixed 0.3,0.3,0.9943291888274454,0.06375139847999692,0.7620804463241249,0.8628497781490859,0.9461441982440805,483,26440,
cic_near_iid,hard,2,65.45,fixed 0.5,0.5,0.9899968299813321,0.057429304424983604,0.7797464374554971,0.8723824697897699,0.9506510184853644,852,23818,
cic_near_iid,hard,2,65.45,val recall>=0.999,0.011719,0.9991781433083254,0.17481241078662088,0.5399799497474683,0.7010795915593323,0.8548315793474413,70,72501,0.1734900689096068
cic_near_iid,hard,2,65.45,val recall>=0.9995,0.007812,0.9993307738367793,0.19221143088615408,0.5163771817536537,0.680911658120205,0.84042295697817,57,79717,0.1902107823267126
cic_near_iid,hard,2,65.45,val recall>=0.9999,0.003906,0.9994247003158278,0.24874860152000308,0.45209226242637646,0.6225654752762724,0.7935344232650342,49,103165,0.24665585731657885
cic_near_iid,kd05,2,65.45,fixed 0.05,0.05,1.0,0.968382296207708,0.17496651574786976,0.2978238331098364,0.1966077826164362,0,401623,
cic_near_iid,kd05,2,65.45,fixed 0.1,0.1,0.9999412959505947,0.47603294625978937,0.3013772311002279,0.4631602989920304,0.6050621213060777,5,197428,
cic_near_iid,kd05,2,65.45,fixed 0.2,0.2,0.9990724760193959,0.15752671579028588,0.5656867828699825,0.7223629981451534,0.8691541860618632,79,65332,
cic_near_iid,kd05,2,65.45,fixed 0.3,0.3,0.9963133856973454,0.07763975155279502,0.7249250378014506,0.8392242572886586,0.9349601627496205,314,32200,
cic_near_iid,kd05,2,65.45,fixed 0.5,0.5,0.9870851091308278,0.05405125188071448,0.7894919710770965,0.8773002613963049,0.9529574382537622,1100,22417,
cic_near_iid,kd05,2,65.45,val recall>=0.999,0.210938,0.998731992532845,0.1540329269704101,0.5711053522034536,0.7266755224862358,0.8719947030359525,108,63883,0.15393190109444668
cic_near_iid,kd05,2,65.45,val recall>=0.9995,0.1875,0.9993894778861846,0.18606294124455075,0.5245058168194814,0.6879548696562287,0.8455338871674645,52,77167,0.18686663964329145
cic_near_iid,kd05,2,65.45,val recall>=0.9999,0.175781,0.9995303676047573,0.1961802206704988,0.511321593311551,0.6765473697594856,0.8371643639142324,40,81363,0.1956830158086745
cic_near_iid,kd0,2,65.45,fixed 0.05,0.05,1.0,0.9990620539331044,0.17050968930172966,0.2913426362210596,0.1711551502373432,0,414347,
cic_near_iid,kd0,2,65.45,fixed 0.1,0.1,1.0,0.9645099533197021,0.17554566252395967,0.29866243076777416,0.19982036730684985,0,400017,
cic_near_iid,kd0,2,65.45,fixed 0.2,0.2,0.9998825919011893,0.3501118783997531,0.36968402592385197,0.5397921024275846,0.7095191324821117,10,145204,
cic_near_iid,kd0,2,65.45,fixed 0.3,0.3,0.9991311800688012,0.19466359322557,0.513160830474031,0.6780634725863126,0.8383545805336571,74,80734,
cic_near_iid,kd0,2,65.45,fixed 0.5,0.5,0.9816843365855377,0.05289630029705644,0.7921573457380793,0.8767957886789287,0.9529954451710211,1560,21938,
cic_near_iid,kd0,2,65.45,val recall>=0.999,0.332031,0.9989198454909419,0.1723747154816558,0.5434020348595845,0.703893374809716,0.8568099394089724,92,71490,0.17257802999594649
cic_near_iid,kd0,2,65.45,val recall>=0.9995,0.304688,0.9991311800688012,0.19466359322557,0.513160830474031,0.6780634725863126,0.8383545805336571,74,80734,0.19385893798135387
cic_near_iid,kd0,2,65.45,val recall>=0.9999,0.246094,0.9996829981332113,0.2816755719300953,0.42158372407373484,0.593062617538483,0.7662614595856446,27,116821,0.28009728415079044
cic_near_iid,cw4,2,65.45,fixed 0.05,0.05,0.9986967701032017,0.1565550133096717,0.5671140268416105,0.7234270551615042,0.8698963211304458,111,64929,
cic_near_iid,cw4,2,65.45,fixed 0.1,0.1,0.99856762119451,0.12885546468114656,0.6141221153568437,0.760521315360025,0.8928544995189125,122,53441,
cic_near_iid,cw4,2,65.45,fixed 0.2,0.2,0.9963720897467507,0.08552669650090661,0.7052312294843561,0.8258948556747183,0.9284269737092151,309,35471,
cic_near_iid,cw4,2,65.45,fixed 0.3,0.3,0.9961255327392483,0.07491271555881332,0.7319604527572642,0.8438521023447796,0.9371905686835004,330,31069,
cic_near_iid,cw4,2,65.45,fixed 0.5,0.5,0.9954680473859087,0.06782869102272289,0.7508723144228555,0.856040910490633,0.9429556179224619,386,28131,
cic_near_iid,cw4,2,65.45,val recall>=0.999,0.121094,0.998555880384629,0.12601269241155819,0.6193923327895595,0.7645459244443445,0.8952109283889668,123,52262,0.12383461694365626
cic_near_iid,cw4,2,65.45,val recall>=0.9995,0.03125,0.9990489943996337,0.17813741753790363,0.5352640716604182,0.6970611726637859,0.8520510732953398,81,73880,0.17794892582083502
cic_near_iid,cw4,2,65.45,val recall>=0.9999,0.007812,0.9994129595059468,0.24255912194745574,0.4583380447014608,0.6284598403803702,0.7986673574590576,50,100598,0.24027158492095663
cic_near_iid,kd05_clip,2,65.45,fixed 0.05,0.05,0.9999765183802378,0.967569731106053,0.17508433427826098,0.29799345730629956,0.1972779045786333,2,401286,
cic_near_iid,kd05_clip,2,65.45,fixed 0.1,0.1,0.9999295551407136,0.3510233015701555,0.36908935683361577,0.5391647305347522,0.7087709963213304,6,145582,
cic_near_iid,kd05_clip,2,65.45,fixed 0.2,0.2,0.999647775703568,0.09883636819567146,0.6750202165950497,0.8058701320827042,0.9179430656379461,30,40991,
cic_near_iid,kd05_clip,2,65.45,fixed 0.3,0.3,0.9980275439399809,0.060163573936190734,0.7730749292905409,0.8712653103059499,0.9497508546555473,168,24952,
cic_near_iid,kd05_clip,2,65.45,fixed 0.5,0.5,0.993025958930647,0.04635961189768913,0.8147794925148836,0.8951153302747925,0.9603507838426594,594,19227,
cic_near_iid,kd05_clip,2,65.45,val recall>=0.999,0.257812,0.9984384722858183,0.06919341460591798,0.7476898458724953,0.8550600774219496,0.9423295039697225,133,28697,0.06708552898256992
cic_near_iid,kd05_clip,2,65.45,val recall>=0.9995,0.226562,0.9993542554565414,0.08200638478453763,0.7145027659092245,0.8332566494699024,0.9318555977187848,55,34011,0.07995541143088772
cic_near_iid,kd05_clip,2,65.45,val recall>=0.9999,0.183594,0.9997534429924976,0.13004899502334014,0.6122167261014609,0.7594008766571093,0.892066356076806,21,53936,0.12677340899878395
cic_near_iid,kd05_ft50k,2,65.45,fixed 0.05,0.05,0.9999295551407136,0.9402294471663902,0.17925592594619397,0.30401205096673667,0.2199520312696911,6,389947,
cic_near_iid,kd05_ft50k,2,65.45,fixed 0.1,0.1,0.9998825919011893,0.2813066625515991,0.4219520291729219,0.5934621120263133,0.7666015214769087,10,116668,
cic_near_iid,kd05_ft50k,2,65.45,fixed 0.2,0.2,0.9969356486210419,0.07034595501716755,0.7442741066028558,0.8522734116230051,0.9411172833455689,261,29175,
cic_near_iid,kd05_ft50k,2,65.45,fixed 0.3,0.3,0.9961255327392483,0.06061687434898345,0.771419219333897,0.8694890241652831,0.9490507272323563,330,25140,
cic_near_iid,kd05_ft50k,2,65.45,fixed 0.5,0.5,0.9893158630082303,0.04729273561976775,0.8111805308201046,0.8914361280084634,0.9589445279040786,910,19614,
cic_near_iid,kd05_ft50k,2,65.45,val recall>=0.999,0.160156,0.9986498068636774,0.11077167161760734,0.6493026664325682,0.7869474307495883,0.9078712325643267,115,45941,0.10903931901094446
cic_near_iid,kd05_ft50k,2,65.45,val recall>=0.9995,0.144531,0.9997299613727355,0.17238918251610663,0.5435823449050726,0.7042457375144219,0.8569359623451468,23,71496,0.16882853668423187
cic_near_iid,kd05_ft50k,2,65.45,val recall>=0.9999,0.144531,0.9997299613727355,0.17238918251610663,0.5435823449050726,0.7042457375144219,0.8569359623451468,23,71496,0.16882853668423187
