model,method,source,draw,accuracy,precision,attack_recall,f1,false_alarm_rate,fn,fp,missed,size_kb,ranges
ton_near_iid_v2,ptq_tflite_max,client0_ft,0,0.9875451606769348,0.9957735098514513,0.9880357693493679,0.9918895492818226,0.014104957477701721,194,68,194/16215,66.34,
ton_near_iid_v2,ptq_fq_max,client0_ft,0,0.9685301388096597,0.9954131362680767,0.9636139377119951,0.9792554524943595,0.014934660858743,590,72,590/16215,56.7,"input:[-3.00,42.82] d0:[0.00,17.89] d1:[0.00,30.02] d2:[0.00,27.09] d3:[-26.88,7.14]"
ton_near_iid_v2,ptq_fq_pct9999,client0_ft,0,0.9908252519490397,0.9943841026906937,0.9937095282146161,0.9940467010086677,0.01887575191868907,102,91,102/16215,56.7,"input:[-2.00,26.70] d0:[0.00,9.97] d1:[0.00,22.64] d2:[0.00,24.54] d3:[-26.55,7.14]"
ton_near_iid_v2,ptq_fq_mse,client0_ft,0,0.9889712873169804,0.9945541184479237,0.9911193339500463,0.9928337554827948,0.01825347438290811,144,88,144/16215,56.7,"input:[-2.46,35.12] d0:[0.00,15.75] d1:[0.00,28.21] d2:[0.00,26.55] d3:[-26.88,7.14]"
ton_near_iid_v2,ptq_fq_kl,client0_ft,0,0.9690055143563415,0.9940948631659153,0.9655257477644157,0.9796020523088476,0.019290603609209707,559,93,559/16215,56.7,"input:[-2.76,2.76] d0:[0.00,3.56] d1:[0.00,6.51] d2:[0.00,6.51] d3:[-25.56,7.14]"
ton_near_iid_v2,ptq_fq_clip5_max,client0_ft,0,0.9912055523863852,0.9951198418581666,0.9934628430465618,0.9942906521001141,0.016386641775565234,106,79,106/16215,56.7,"input:[-3.00,5.00] d0:[0.00,3.97] d1:[0.00,12.98] d2:[0.00,16.33] d3:[-16.44,7.09]"
ton_near_iid_v2,qat_default,client0_ft,0,0.9924415288077582,0.9945786101527846,0.9956213382670367,0.9950997010509445,0.01825347438290811,71,88,71/16215,56.7,"input:[-3.00,84.62] d0:[-5.21,6.70] d1:[-5.21,8.36] d2:[-5.21,7.07] d3:[-6.69,6.30]"
ton_near_iid_v2,qat_init_max,client0_ft,0,0.9922989161437535,0.9946995377503852,0.9953129818069688,0.9950061652281134,0.017838622692387472,76,86,76/16215,56.7,"input:[-3.00,84.62] d0:[0.00,17.02] d1:[0.00,29.47] d2:[0.00,26.84] d3:[-26.36,7.32]"
ton_near_iid_v2,qat_init_pct9999,client0_ft,0,0.9923464536984218,0.9945170034499754,0.9955596669750231,0.9950380620704534,0.01846090022816843,72,89,72/16215,56.7,"input:[-3.00,84.62] d0:[0.00,10.15] d1:[0.00,23.01] d2:[0.00,24.56] d3:[-25.85,7.35]"
ton_near_iid_v2,qat_init_mse,client0_ft,0,0.9922989161437535,0.9946385653540396,0.9953746530989824,0.9950064730904383,0.01804604853764779,75,87,75/16215,56.7,"input:[-3.00,84.62] d0:[0.00,15.17] d1:[0.00,27.87] d2:[0.00,26.68] d3:[-26.58,7.37]"
ton_near_iid_v2,qat_init_kl,client0_ft,0,0.9919661532610763,0.9945752681543583,0.995004625346901,0.9947899004223573,0.01825347438290811,81,88,81/16215,56.7,"input:[-3.00,84.62] d0:[0.00,4.59] d1:[0.00,8.49] d2:[0.00,7.56] d3:[-23.82,7.26]"
ton_near_iid_v2,qat_init_clip5_max,client0_ft,0,0.9923464536984218,0.9944560798324504,0.9956213382670367,0.9950383679003976,0.018668326073428748,71,90,71/16215,56.7,"input:[-3.00,84.62] d0:[0.00,4.94] d1:[0.00,14.27] d2:[0.00,16.99] d3:[-16.63,7.29]"
ton_near_iid_v2,qat_fixed_max,client0_ft,0,0.991918615706408,0.9953077730443909,0.9942028985507246,0.9947550290016043,0.01576436423978428,94,76,94/16215,56.7,"input:[-3.00,42.82] d0:[0.00,17.89] d1:[0.00,30.02] d2:[0.00,27.09] d3:[-26.88,7.14]"
ton_near_iid_v2,qat_fixed_pct9999,client0_ft,0,0.9924415288077582,0.9952498457742135,0.9949429540548874,0.9950963762528913,0.015971790085044596,82,77,82/16215,56.7,"input:[-2.00,26.70] d0:[0.00,9.97] d1:[0.00,22.64] d2:[0.00,24.54] d3:[-26.55,7.14]"
ton_near_iid_v2,qat_fixed_mse,client0_ft,0,0.9932021296824491,0.9954988284622025,0.9956830095590503,0.9955909104923998,0.015142086704003318,70,73,70/16215,56.7,"input:[-2.46,35.12] d0:[0.00,15.75] d1:[0.00,28.21] d2:[0.00,26.55] d3:[-26.88,7.14]"
ton_near_iid_v2,qat_fixed_clip5_max,client0_ft,0,0.9912055523863852,0.9948752778463819,0.9937095282146161,0.9942920613372004,0.017216345156606513,102,83,102/16215,56.7,"input:[-3.00,5.00] d0:[0.00,3.97] d1:[0.00,12.98] d2:[0.00,16.33] d3:[-16.44,7.09]"
ton_near_iid_v2,ptq_tflite_max,client0_ft,1,0.9532705837611714,0.9941603944977939,0.9449275362318841,0.9689189616466942,0.018668326073428748,893,90,893/16215,66.34,
ton_near_iid_v2,ptq_fq_max,client0_ft,1,0.9527001331051531,0.9942200285751396,0.9441258094357077,0.9685256065542656,0.01846090022816843,906,89,906/16215,56.7,"input:[-3.00,43.25] d0:[0.00,20.60] d1:[0.00,34.81] d2:[0.00,34.98] d3:[-27.66,22.28]"
ton_near_iid_v2,ptq_fq_pct9999,client0_ft,1,0.9415763453127971,0.9946527594401902,0.9292013567684243,0.9608136976692281,0.016801493466085875,1148,81,1148/16215,56.7,"input:[-2.00,29.22] d0:[0.00,10.25] d1:[0.00,25.54] d2:[0.00,29.96] d3:[-27.61,20.83]"
ton_near_iid_v2,ptq_fq_mse,client0_ft,1,0.9537459593078532,0.9941001037344398,0.9456059204440334,0.9692468156389267,0.01887575191868907,882,91,882/16215,56.7,"input:[-2.82,40.66] d0:[0.00,17.72] d1:[0.00,30.63] d2:[0.00,32.88] d3:[-27.66,22.28]"
ton_near_iid_v2,ptq_fq_kl,client0_ft,1,0.9570735881346264,0.993298969072165,0.9507246376811594,0.9715456121002048,0.02157228790707322,799,104,799/16215,56.7,"input:[-2.70,2.70] d0:[0.00,3.30] d1:[0.00,8.02] d2:[0.00,8.68] d3:[-9.02,9.02]"
ton_near_iid_v2,ptq_fq_clip5_max,client0_ft,1,0.9913006274957216,0.9948148148148148,0.9938945420906568,0.9943544655252199,0.017423771001866834,99,84,99/16215,56.7,"input:[-3.00,5.00] d0:[0.00,5.33] d1:[0.00,13.33] d2:[0.00,17.43] d3:[-17.17,11.23]"
ton_near_iid_v2,qat_default,client0_ft,1,0.9838372314128161,0.9912123274955134,0.9877890841813136,0.9894977451040958,0.02945447002696536,198,142,198/16215,56.7,"input:[-3.00,194.19] d0:[-5.21,7.09] d1:[-5.21,8.82] d2:[-5.21,7.11] d3:[-6.53,6.28]"
ton_near_iid_v2,qat_init_max,client0_ft,1,0.9837421563034797,0.9911504424778761,0.9877274128893,0.9894359671341201,0.029661895872225678,199,143,199/16215,56.7,"input:[-3.00,194.19] d0:[0.00,19.85] d1:[0.00,35.02] d2:[0.00,34.45] d3:[-26.37,20.70]"
ton_near_iid_v2,qat_init_pct9999,client0_ft,1,0.9839323065221525,0.9913350250665346,0.9877890841813136,0.989558878042753,0.029039618336444722,198,140,198/16215,56.7,"input:[-3.00,194.19] d0:[0.00,10.83] d1:[0.00,26.50] d2:[0.00,29.84] d3:[-26.31,19.54]"
ton_near_iid_v2,qat_init_mse,client0_ft,1,0.9838847689674843,0.991395320044571,0.9876657415972865,0.9895270165899471,0.0288321924911844,200,139,200/16215,56.7,"input:[-3.00,194.19] d0:[0.00,17.35] d1:[0.00,31.32] d2:[0.00,32.55] d3:[-26.41,20.73]"
ton_near_iid_v2,qat_init_kl,client0_ft,1,0.9839798440768207,0.991335561331848,0.9878507554733271,0.9895900905075217,0.029039618336444722,197,140,197/16215,56.7,"input:[-3.00,194.19] d0:[0.00,4.76] d1:[0.00,10.08] d2:[0.00,9.66] d3:[-9.46,8.97]"
ton_near_iid_v2,qat_init_clip5_max,client0_ft,1,0.9837421563034797,0.9911504424778761,0.9877274128893,0.9894359671341201,0.029661895872225678,199,143,199/16215,56.7,"input:[-3.00,194.19] d0:[0.00,6.54] d1:[0.00,15.21] d2:[0.00,18.09] d3:[-17.02,11.03]"
ton_near_iid_v2,qat_fixed_max,client0_ft,1,0.9918710781517399,0.9937830850670935,0.9956830095590503,0.9947321401065894,0.020950010371292262,70,101,70/16215,56.7,"input:[-3.00,43.25] d0:[0.00,20.60] d1:[0.00,34.81] d2:[0.00,34.98] d3:[-27.66,22.28]"
ton_near_iid_v2,qat_fixed_pct9999,client0_ft,1,0.9913006274957216,0.9930495755935539,0.9956830095590503,0.9943645490099466,0.023439120514416097,70,113,70/16215,56.7,"input:[-2.00,29.22] d0:[0.00,10.25] d1:[0.00,25.54] d2:[0.00,29.96] d3:[-27.61,20.83]"
ton_near_iid_v2,qat_fixed_mse,client0_ft,1,0.9913481650503898,0.9932927204479725,0.9954979956830096,0.9943941354031911,0.022609417133374818,73,109,73/16215,56.7,"input:[-2.82,40.66] d0:[0.00,17.72] d1:[0.00,30.63] d2:[0.00,32.88] d3:[-27.66,22.28]"
ton_near_iid_v2,qat_fixed_clip5_max,client0_ft,1,0.9912530899410534,0.9937781063266187,0.9948812827628739,0.9943293885601578,0.020950010371292262,83,101,83/16215,56.7,"input:[-3.00,5.00] d0:[0.00,5.33] d1:[0.00,13.33] d2:[0.00,17.43] d3:[-17.17,11.23]"
ton_near_iid_v2,ptq_tflite_max,client0_ft,2,0.9826012549914432,0.9939537492987596,0.9834104224483503,0.9886539773079546,0.020120306990250986,269,97,269/16215,66.34,
ton_near_iid_v2,ptq_fq_max,client0_ft,2,0.9708594789884009,0.9939217424338357,0.9681159420289855,0.9808491361804493,0.019912881144990666,517,96,517/16215,56.7,"input:[-3.00,47.67] d0:[0.00,19.56] d1:[0.00,28.50] d2:[0.00,22.37] d3:[-19.31,7.36]"
ton_near_iid_v2,ptq_fq_pct9999,client0_ft,2,0.9870697851302529,0.9944792506668321,0.9887141535615172,0.991588322612568,0.01846090022816843,183,89,183/16215,56.7,"input:[-2.00,26.34] d0:[0.00,10.72] d1:[0.00,24.72] d2:[0.00,19.03] d3:[-19.00,7.36]"
ton_near_iid_v2,ptq_fq_mse,client0_ft,2,0.9712873169804145,0.9938627016766846,0.9687326549491212,0.9811367895065585,0.020120306990250986,507,97,507/16215,56.7,"input:[-2.82,44.81] d0:[0.00,17.60] d1:[0.00,26.79] d2:[0.00,21.47] d3:[-18.93,7.22]"
ton_near_iid_v2,ptq_fq_kl,client0_ft,2,0.9908727895037079,0.9939577039274925,0.9942028985507246,0.9940802861195042,0.020327732835511304,94,98,94/16215,56.7,"input:[-3.00,3.72] d0:[0.00,3.28] d1:[0.00,7.07] d2:[0.00,7.91] d3:[-16.33,7.36]"
ton_near_iid_v2,ptq_fq_clip5_max,client0_ft,2,0.9908252519490397,0.9941401431038737,0.9939562133826704,0.9940481697350974,0.019705455299730345,98,95,98/16215,56.7,"input:[-3.00,5.00] d0:[0.00,4.05] d1:[0.00,13.20] d2:[0.00,15.24] d3:[-13.69,7.36]"
ton_near_iid_v2,qat_default,client0_ft,2,0.983029092983457,0.9935267023527947,0.9843971631205674,0.9889408630463741,0.02157228790707322,253,104,253/16215,56.7,"input:[-3.00,180.17] d0:[-5.21,7.07] d1:[-5.21,8.43] d2:[-5.21,7.44] d3:[-6.33,6.10]"
ton_near_iid_v2,qat_init_max,client0_ft,2,0.9829340178741206,0.9928509262712918,0.9849522047486895,0.9888857930095043,0.023853972204936735,244,115,244/16215,56.7,"input:[-3.00,180.17] d0:[0.00,18.91] d1:[0.00,28.89] d2:[0.00,22.68] d3:[-18.48,7.26]"
ton_near_iid_v2,qat_init_pct9999,client0_ft,2,0.9829340178741206,0.9935258964143426,0.9842738205365402,0.9888782180364944,0.02157228790707322,255,104,255/16215,56.7,"input:[-3.00,180.17] d0:[0.00,11.21] d1:[0.00,25.24] d2:[0.00,19.80] d3:[-18.30,7.35]"
ton_near_iid_v2,qat_init_mse,client0_ft,2,0.9831241680927933,0.992852703542573,0.9851988899167438,0.989010989010989,0.023853972204936735,240,115,240/16215,56.7,"input:[-3.00,180.17] d0:[0.00,17.22] d1:[0.00,27.28] d2:[0.00,22.00] d3:[-18.19,7.12]"
ton_near_iid_v2,qat_init_kl,client0_ft,2,0.9831717056474615,0.9935893446194063,0.9845205057045945,0.9890341366705904,0.0213648620618129,251,103,251/16215,56.7,"input:[-3.00,180.17] d0:[0.00,4.71] d1:[0.00,8.96] d2:[0.00,9.14] d3:[-15.52,7.33]"
ton_near_iid_v2,qat_init_clip5_max,client0_ft,2,0.9832667807567979,0.9937745128556309,0.984458834412581,0.9890947394510192,0.020742584526031945,252,100,252/16215,56.7,"input:[-3.00,180.17] d0:[0.00,5.37] d1:[0.00,14.63] d2:[0.00,16.11] d3:[-13.57,7.39]"
ton_near_iid_v2,qat_fixed_max,client0_ft,2,0.992679216581099,0.9942150286171457,0.996299722479186,0.9952562838836866,0.019498029454470028,60,94,60/16215,56.7,"input:[-3.00,47.67] d0:[0.00,19.56] d1:[0.00,28.50] d2:[0.00,22.37] d3:[-19.31,7.36]"
ton_near_iid_v2,qat_fixed_pct9999,client0_ft,2,0.9916809279330672,0.993295608315906,0.9959296947271046,0.9946109075231733,0.022609417133374818,66,109,66/16215,56.7,"input:[-2.00,26.34] d0:[0.00,10.72] d1:[0.00,24.72] d2:[0.00,19.03] d3:[-19.00,7.36]"
ton_near_iid_v2,qat_fixed_mse,client0_ft,2,0.9916809279330672,0.9941466420209488,0.9950662966389145,0.9946062567421791,0.019705455299730345,80,95,80/16215,56.7,"input:[-2.82,44.81] d0:[0.00,17.60] d1:[0.00,26.79] d2:[0.00,21.47] d3:[-18.93,7.22]"
ton_near_iid_v2,qat_fixed_clip5_max,client0_ft,2,0.9889712873169804,0.9895252679938744,0.9962380511871723,0.9928703134603565,0.03546981953951462,61,171,61/16215,56.7,"input:[-3.00,5.00] d0:[0.00,4.05] d1:[0.00,13.20] d2:[0.00,15.24] d3:[-13.69,7.36]"
ton_near_iid_v2,ptq_tflite_max,client0_ft,3,0.9848355200608481,0.992685345896355,0.9876040703052729,0.9901381890128915,0.024476249740717694,201,118,201/16215,66.34,
ton_near_iid_v2,ptq_fq_max,client0_ft,3,0.9283609051150409,0.9935570469798658,0.912981806968856,0.9515667684396594,0.019912881144990666,1411,96,1411/16215,56.7,"input:[-3.00,84.62] d0:[0.00,23.92] d1:[0.00,84.69] d2:[0.00,69.51] d3:[-41.10,8.43]"
ton_near_iid_v2,ptq_fq_pct9999,client0_ft,3,0.9645369842175319,0.9934290271132377,0.960345359235276,0.976607086861085,0.0213648620618129,643,103,643/16215,56.7,"input:[-2.00,31.97] d0:[0.00,11.28] d1:[0.00,27.10] d2:[0.00,34.09] d3:[-39.12,8.43]"
ton_near_iid_v2,ptq_fq_mse,client0_ft,3,0.9427172466248336,0.9932308096740273,0.9320382362010484,0.9616620533867837,0.0213648620618129,1102,103,1102/16215,56.7,"input:[-2.70,76.15] d0:[0.00,21.53] d1:[0.00,71.14] d2:[0.00,63.95] d3:[-41.10,8.43]"
ton_near_iid_v2,ptq_fq_kl,client0_ft,3,0.9918235405970717,0.9939651456370466,0.9954363243909959,0.9947001910396253,0.020327732835511304,74,98,74/16215,56.7,"input:[-3.00,7.27] d0:[0.00,3.41] d1:[0.00,20.02] d2:[0.00,16.43] d3:[-9.47,8.43]"
ton_near_iid_v2,ptq_fq_clip5_max,client0_ft,3,0.9908252519490397,0.9933489345978569,0.9947579401788468,0.9940529380950914,0.0224019912881145,85,108,85/16215,56.7,"input:[-3.00,5.00] d0:[0.00,5.58] d1:[0.00,13.70] d2:[0.00,20.30] d3:[-23.84,8.43]"
ton_near_iid_v2,qat_default,client0_ft,3,0.9822684921087659,0.992232165050957,0.9847055195806352,0.9884545145015012,0.02592823065753993,248,125,248/16215,56.7,"input:[-3.00,194.19] d0:[-5.21,7.08] d1:[-5.21,8.76] d2:[-5.21,7.47] d3:[-6.60,6.12]"
ton_near_iid_v2,qat_init_max,client0_ft,3,0.9841699942954935,0.99206840996406,0.9873573851372186,0.9897072914412882,0.026550508193320888,205,128,205/16215,56.7,"input:[-3.00,194.19] d0:[0.00,22.63] d1:[0.00,78.64] d2:[0.00,65.01] d3:[-38.54,8.56]"
ton_near_iid_v2,qat_init_pct9999,client0_ft,3,0.9822209545540977,0.9921705089169204,0.9847055195806352,0.9884239197721927,0.02613565650280025,248,126,248/16215,56.7,"input:[-3.00,194.19] d0:[0.00,11.65] d1:[0.00,27.61] d2:[0.00,33.47] d3:[-37.14,8.34]"
ton_near_iid_v2,qat_init_mse,client0_ft,3,0.9844076820688343,0.9919489688487025,0.9877890841813136,0.9898646560781162,0.026965359883841526,198,130,198/16215,56.7,"input:[-3.00,194.19] d0:[0.00,20.54] d1:[0.00,66.74] d2:[0.00,59.81] d3:[-38.53,8.51]"
ton_near_iid_v2,qat_init_kl,client0_ft,3,0.9822684921087659,0.9919264687616445,0.985013876040703,0.9884580870749141,0.026965359883841526,243,130,243/16215,56.7,"input:[-3.00,194.19] d0:[0.00,4.84] d1:[0.00,20.44] d2:[0.00,17.54] d3:[-10.78,8.33]"
ton_near_iid_v2,qat_init_clip5_max,client0_ft,3,0.9822684921087659,0.9919264687616445,0.985013876040703,0.9884580870749141,0.026965359883841526,243,130,243/16215,56.7,"input:[-3.00,194.19] d0:[0.00,6.72] d1:[0.00,15.41] d2:[0.00,20.79] d3:[-23.37,8.32]"
ton_near_iid_v2,qat_fixed_max,client0_ft,3,0.9913006274957216,0.9937784895897499,0.9949429540548874,0.9943603809054208,0.020950010371292262,82,101,82/16215,56.7,"input:[-3.00,84.62] d0:[0.00,23.92] d1:[0.00,84.69] d2:[0.00,69.51] d3:[-41.10,8.43]"
ton_near_iid_v2,qat_fixed_pct9999,client0_ft,3,0.9918710781517399,0.9939046915404507,0.9955596669750231,0.9947314908956466,0.020535158680771624,72,99,72/16215,56.7,"input:[-2.00,31.97] d0:[0.00,11.28] d1:[0.00,27.10] d2:[0.00,34.09] d3:[-39.12,8.43]"
ton_near_iid_v2,qat_fixed_mse,client0_ft,3,0.9911580148317171,0.9946916856984137,0.9938328707986432,0.9942620927936822,0.017838622692387472,100,86,100/16215,56.7,"input:[-2.70,76.15] d0:[0.00,21.53] d1:[0.00,71.14] d2:[0.00,63.95] d3:[-41.10,8.43]"
ton_near_iid_v2,qat_fixed_clip5_max,client0_ft,3,0.9908252519490397,0.9932274350449452,0.9948812827628739,0.9940536710108759,0.02281684297863514,83,110,83/16215,56.7,"input:[-3.00,5.00] d0:[0.00,5.58] d1:[0.00,13.70] d2:[0.00,20.30] d3:[-23.84,8.43]"
ton_near_iid_v2,ptq_tflite_max,client0_ft,4,0.9864517969195664,0.9946590485653956,0.9877274128893,0.9911811121081784,0.017838622692387472,199,86,199/16215,66.34,
ton_near_iid_v2,ptq_fq_max,client0_ft,4,0.8516828294352539,0.9547822463013128,0.8477335800185014,0.8980791846334771,0.13503422526446796,2469,651,2469/16215,56.7,"input:[-3.00,100.98] d0:[0.00,30.43] d1:[0.00,69.14] d2:[0.00,48.68] d3:[-19.75,6.88]"
ton_near_iid_v2,ptq_fq_pct9999,client0_ft,4,0.9421943335234836,0.9945268710847346,0.9301264261486278,0.9612492033142128,0.017216345156606513,1133,83,1133/16215,56.7,"input:[-2.00,31.51] d0:[0.00,10.43] d1:[0.00,26.43] d2:[0.00,27.86] d3:[-19.45,6.88]"
ton_near_iid_v2,ptq_fq_mse,client0_ft,4,0.8612854154782278,0.9552831609943162,0.8603145235892692,0.9053150756051659,0.1354490769549886,2265,653,2265/16215,56.7,"input:[-2.76,92.91] d0:[0.00,25.56] d1:[0.00,59.46] d2:[0.00,46.74] d3:[-19.75,6.88]"
ton_near_iid_v2,ptq_fq_kl,client0_ft,4,0.9909678646130443,0.9946903747607582,0.993586185630589,0.9941379735900285,0.017838622692387472,104,86,104/16215,56.7,"input:[-3.00,6.31] d0:[0.00,5.41] d1:[0.00,17.15] d2:[0.00,12.08] d3:[-13.35,6.88]"
ton_near_iid_v2,ptq_fq_clip5_max,client0_ft,4,0.9905400266210306,0.9941989632189583,0.9935245143385754,0.9938616243560875,0.019498029454470028,105,94,105/16215,56.7,"input:[-3.00,5.00] d0:[0.00,5.27] d1:[0.00,11.99] d2:[0.00,15.94] d3:[-16.34,6.88]"
ton_near_iid_v2,qat_default,client0_ft,4,0.9814128161247385,0.9911845045939905,0.9846438482886216,0.9879033505553322,0.02945447002696536,249,142,249/16215,56.7,"input:[-3.00,180.17] d0:[-5.21,6.99] d1:[-5.21,8.85] d2:[-5.21,7.66] d3:[-6.42,6.07]"
ton_near_iid_v2,qat_init_max,client0_ft,4,0.9809849781327249,0.9914848654360122,0.9837804502004317,0.9876176324913323,0.028417340800663764,263,137,263/16215,56.7,"input:[-3.00,180.17] d0:[0.00,28.20] d1:[0.00,64.61] d2:[0.00,47.28] d3:[-19.69,7.00]"
ton_near_iid_v2,qat_init_pct9999,client0_ft,4,0.9806046776953794,0.9911751911006152,0.983595436324391,0.9873707670401783,0.02945447002696536,266,142,266/16215,56.7,"input:[-3.00,180.17] d0:[0.00,10.84] d1:[0.00,27.23] d2:[0.00,28.48] d3:[-19.24,6.98]"
ton_near_iid_v2,qat_init_mse,client0_ft,4,0.9815078912340749,0.9916739157449982,0.9842738205365402,0.9879600111424062,0.027795063264882805,255,134,255/16215,56.7,"input:[-3.00,180.17] d0:[0.00,23.98] d1:[0.00,56.14] d2:[0.00,45.29] d3:[-19.66,6.99]"
ton_near_iid_v2,qat_init_kl,client0_ft,4,0.9809849781327249,0.9916070873484613,0.9836571076164046,0.9876160990712074,0.028002489110143122,265,135,265/16215,56.7,"input:[-3.00,180.17] d0:[0.00,6.48] d1:[0.00,18.64] d2:[0.00,14.28] d3:[-13.53,6.92]"
ton_near_iid_v2,qat_init_clip5_max,client0_ft,4,0.9806522152500475,0.9909926698968816,0.9838421214924453,0.9874044502212732,0.03007674756274632,262,145,262/16215,56.7,"input:[-3.00,180.17] d0:[0.00,6.36] d1:[0.00,14.08] d2:[0.00,17.32] d3:[-16.21,6.91]"
ton_near_iid_v2,qat_fixed_max,client0_ft,4,0.9906826392850352,0.9918329751304882,0.9961147086031452,0.9939692307692307,0.027587637419622484,63,133,63/16215,56.7,"input:[-3.00,100.98] d0:[0.00,30.43] d1:[0.00,69.14] d2:[0.00,48.68] d3:[-19.75,6.88]"
ton_near_iid_v2,qat_fixed_pct9999,client0_ft,4,0.9915383152690626,0.9926881720430107,0.9963613937711995,0.9945213911972914,0.02468367558597801,59,119,59/16215,56.7,"input:[-2.00,31.51] d0:[0.00,10.43] d1:[0.00,26.43] d2:[0.00,27.86] d3:[-19.45,6.88]"
ton_near_iid_v2,qat_fixed_mse,client0_ft,4,0.9918235405970717,0.9930542750015366,0.9963613937711995,0.9947050855805936,0.023439120514416097,59,113,59/16215,56.7,"input:[-2.76,92.91] d0:[0.00,25.56] d1:[0.00,59.46] d2:[0.00,46.74] d3:[-19.75,6.88]"
ton_near_iid_v2,qat_fixed_clip5_max,client0_ft,4,0.9870222475755848,0.9873440939104916,0.9959296947271046,0.9916183107672469,0.042937149968886125,66,207,66/16215,56.7,"input:[-3.00,5.00] d0:[0.00,5.27] d1:[0.00,11.99] d2:[0.00,15.94] d3:[-16.34,6.88]"
