model,source,n,draw,opset,cal_attack_share,cal_absmax_p99,accuracy,precision,attack_recall,f1,false_alarm_rate
ton2_near_iid,pooled_head,500,0,builtins,0.786,8.76,0.9838847689674843,0.9885524372230429,0.9905642923219241,0.9895573422049717,0.038581207218419414
ton2_near_iid,pooled_head,500,0,builtins_int8,0.786,8.76,0.9838847689674843,0.9885524372230429,0.9905642923219241,0.9895573422049717,0.038581207218419414
ton2_near_iid,client0_qd,500,0,builtins,0.492,26.34,0.9648697471002091,0.988448428228759,0.9657107616404563,0.9769473125994323,0.037958929682638455
ton2_near_iid,client0_qd,500,0,builtins_int8,0.492,26.34,0.9648697471002091,0.988448428228759,0.9657107616404563,0.9769473125994323,0.037958929682638455
ton2_near_iid,pooled_rand,100,0,builtins_int8,0.52,19.01,0.9877353108956075,0.9896287204664007,0.9945112550107925,0.9920639803137496,0.035054967848993986
ton2_near_iid,client0,100,0,builtins_int8,0.47,20.41,0.9903498764023578,0.9899033166075144,0.9976564909034844,0.9937647817673619,0.03422526446795271
ton2_near_iid,client1,100,0,builtins_int8,0.56,23.44,0.9901597261836851,0.9898408812729498,0.9974714770274438,0.9936415297189372,0.03443269031321303
ton2_near_iid,client2,100,0,builtins_int8,0.45,9.68,0.9397223806807378,0.9560070779181158,0.9662658032685785,0.9611090663722243,0.1495540344326903
ton2_near_iid,client3,100,0,builtins_int8,0.48,8.93,0.9877353108956075,0.9895686322636068,0.994572926302806,0.992064468503937,0.0352623936942543
ton2_near_iid,pooled_rand,100,1,builtins_int8,0.48,9.07,0.9822684921087659,0.9892526250772081,0.9877274128893,0.9884894306434192,0.03609209707529558
ton2_near_iid,client0,100,1,builtins_int8,0.44,38.61,0.9821734169994295,0.9893117508958359,0.9875423990132594,0.9884262831394094,0.03588467123003526
ton2_near_iid,client1,100,1,builtins_int8,0.45,28.47,0.9902072637383533,0.9898415029679947,0.9975331483194573,0.993672441331859,0.03443269031321303
ton2_near_iid,client2,100,1,builtins_int8,0.49,31.4,0.9901597261836851,0.9897809325663933,0.9975331483194573,0.9936419203243543,0.034640116158473344
ton2_near_iid,client3,100,1,builtins_int8,0.49,19.86,0.9877353108956075,0.9896287204664007,0.9945112550107925,0.9920639803137496,0.035054967848993986
ton2_near_iid,pooled_rand,100,2,builtins_int8,0.55,8.72,0.9903974139570261,0.9893649532424669,0.9982732038236201,0.9937991159135561,0.03609209707529558
ton2_near_iid,client0,100,2,builtins_int8,0.52,18.59,0.9907301768397033,0.9896686636508131,0.9983965464076472,0.9940134467196758,0.035054967848993986
ton2_near_iid,client1,100,2,builtins_int8,0.58,8.86,0.9906826392850352,0.9895483161175967,0.9984582176996608,0.993983300589391,0.03546981953951462
ton2_near_iid,client2,100,2,builtins_int8,0.54,19.03,0.9897318881916715,0.9897153351698806,0.9970397779833488,0.9933640552995392,0.03484754200373367
ton2_near_iid,client3,100,2,builtins_int8,0.39,23.39,0.9903974139570261,0.9895444818098441,0.9980881899475794,0.9937979735953331,0.03546981953951462
ton2_near_iid,pooled_rand,500,0,builtins_int8,0.466,23.39,0.9839798440768207,0.9894574599260173,0.9897625655257478,0.9896099892091876,0.03546981953951462
ton2_near_iid,client0,500,0,builtins_int8,0.486,18.99,0.9902072637383533,0.989601810508288,0.9977798334875115,0.9936739958236089,0.0352623936942543
ton2_near_iid,client1,500,0,builtins_int8,0.504,19.5,0.990635101730367,0.9894280127108287,0.9985198889916743,0.99395316001105,0.03588467123003526
ton2_near_iid,client2,500,0,builtins_int8,0.514,24.01,0.990635101730367,0.9893682023707686,0.9985815602836879,0.9939535311991652,0.03609209707529558
ton2_near_iid,client3,500,0,builtins_int8,0.472,23.42,0.9658680357482411,0.9882175036229601,0.9672525439407955,0.9776226391572649,0.03878863306367973
ton2_near_iid,pooled_rand,500,1,builtins_int8,0.52,25.1,0.5113614755656969,0.9838604499510922,0.372186247301881,0.5400689068862141,0.020535158680771624
ton2_near_iid,client0,500,1,builtins_int8,0.434,26.34,0.9907301768397033,0.9896088019559902,0.9984582176996608,0.9940138142747507,0.0352623936942543
ton2_near_iid,client1,500,1,builtins_int8,0.482,26.34,0.9840749191861571,0.9892777914715307,0.9900709219858156,0.9896741978238757,0.03609209707529558
ton2_near_iid,client2,500,1,builtins_int8,0.506,18.99,0.990112188629017,0.9903804913914589,0.996854764107308,0.9936070813867716,0.03256585770587015
ton2_near_iid,client3,500,1,builtins_int8,0.52,18.99,0.9904449515116942,0.9896049896049897,0.9980881899475794,0.9938284872117659,0.0352623936942543
ton2_near_iid,pooled_rand,500,2,builtins_int8,0.472,23.42,0.990635101730367,0.9896075314830663,0.9983348751156337,0.993952046173211,0.0352623936942543
ton2_near_iid,client0,500,2,builtins_int8,0.48,23.44,0.9847404449515117,0.9900110987791343,0.9901942645698427,0.990102673203219,0.03360298693217175
ton2_near_iid,client1,500,2,builtins_int8,0.462,19.86,0.9903023388476897,0.9897228849330152,0.9977798334875115,0.9937350285608991,0.03484754200373367
ton2_near_iid,client2,500,2,builtins_int8,0.498,19.04,0.9907301768397033,0.9897285399853265,0.9983348751156337,0.9940130791194621,0.03484754200373367
ton2_near_iid,client3,500,2,builtins_int8,0.468,19.8,0.9841224567408252,0.9891578882523255,0.9902559358618563,0.9897066074950691,0.03650694876581622
ton2_near_iid,pooled_rand,2000,0,builtins_int8,0.5125,23.39,0.9841699942954935,0.9884965551181102,0.9909959913660191,0.9897446952665455,0.03878863306367973
ton2_near_iid,client0,2000,0,builtins_int8,0.487,26.34,0.376259745198707,0.9704987834549879,0.19679309281529447,0.3272317079423678,0.020120306990250986
ton2_near_iid,client1,2000,0,builtins_int8,0.504,21.69,0.5644133865753945,0.9872857932559425,0.4405797101449275,0.6092703935866274,0.01908317776394939
ton2_near_iid,client2,2000,0,builtins_int8,0.5095,23.39,0.965820498193573,0.9882167611846251,0.967190872648782,0.9775907745052204,0.03878863306367973
ton2_near_iid,client3,2000,0,builtins_int8,0.4995,26.34,0.6293496862521392,0.9829050022946305,0.5283379586802344,0.6872568288476195,0.030906450943787595
ton2_near_iid,pooled_rand,2000,1,builtins_int8,0.509,26.34,0.9844552196235026,0.9886811023622047,0.9911810052420599,0.9899294755320133,0.03816635552789878
ton2_near_iid,client0,2000,1,builtins_int8,0.502,18.99,0.9860239589275528,0.9893048128342246,0.9925994449583718,0.990949390469154,0.03609209707529558
ton2_near_iid,client1,2000,1,builtins_int8,0.497,26.34,0.6892470051340559,0.9898764932172505,0.6030218933086648,0.7494730387460239,0.020742584526031945
ton2_near_iid,client2,2000,1,builtins_int8,0.4895,19.83,0.5099353489256513,0.9822011757021555,0.3709528214616096,0.5385200769953893,0.022609417133374818
ton2_near_iid,client3,2000,1,builtins_int8,0.5035,26.34,0.9653451226468911,0.9885173501577287,0.9662658032685785,0.977264930609699,0.03775150383737814
ton2_near_iid,pooled_rand,2000,2,builtins_int8,0.53,23.39,0.5096501235976422,0.9837651689078386,0.3699660807893925,0.5377134405951687,0.020535158680771624
ton2_near_iid,client0,2000,2,builtins_int8,0.483,23.42,0.9841699942954935,0.9893997288302724,0.9900709219858156,0.9897352116149317,0.035677245384774944
ton2_near_iid,client1,2000,2,builtins_int8,0.508,26.34,0.9646320593268682,0.9896195961769733,0.9642306506321308,0.9767601674267509,0.034017838622692385
ton2_near_iid,client2,2000,2,builtins_int8,0.516,23.39,0.9839798440768207,0.9892764698631825,0.9899475794017885,0.9896119108535495,0.03609209707529558
ton2_near_iid,client3,2000,2,builtins_int8,0.4915,26.34,0.3921848260125499,0.9747992245915259,0.21708294788775825,0.355089276707354,0.01887575191868907
