model,pipeline,draw,description,size_kb,gzip_kb,weight_sparsity,accuracy,precision,attack_recall,f1,false_alarm_rate,fn,fp
cic_near_iid,fp32,0,no compression (reference),802.55,754.47,0.0,0.9431676565134854,0.7500969333803313,0.9993894778861846,0.8569817722360095,0.06837843833185447,52,28359
cic_near_iid,q_ptq,0,INT8 PTQ,226.91,149.75,0.1705,0.9293491415437609,0.7070624003189793,0.9993659962664224,0.8281790452283309,0.0850299949847614,54,35265
cic_near_iid,q_ptq_clip,0,"INT8 PTQ, clipped calibration",226.91,150.11,0.1705,0.9365864587354898,0.7289786060533393,0.9993425146466604,0.8430138410874787,0.07630155086609312,56,31645
cic_near_iid,q_qat,0,"QAT fine-tune, no pruning",206.76,98.76,0.3993,0.9706886653370913,0.8608785540294353,0.9875547415260705,0.9198759835738384,0.032775066548358475,1060,13593
cic_near_iid,s_ptq,0,structured 50% -> FT -> PTQ,75.12,46.98,0.1566,0.9505570013742501,0.7772956609485369,0.9948340436523312,0.8727128533393759,0.058536032560472205,440,24277
cic_near_iid,s_ptq_clip,0,structured 50% -> FT -> PTQ (clipped),75.12,47.17,0.1566,0.9545117211332462,0.7949767072675216,0.9877543352940485,0.8809424083769634,0.05231520774661472,1043,21697
cic_near_iid,s_qat,0,structured 50% -> FT -> QAT (deployed),65.45,34.34,0.3334,0.9594266156440472,0.8120611714917765,0.9912765782583682,0.8927636761603654,0.04711430886154083,743,19540
cic_near_iid,s_qat_clipft,0,structured 50% -> FT -> QAT on clipped inputs,65.45,34.48,0.336,0.9730170891102181,0.884702902284046,0.9677479952567128,0.9243639993047029,0.0259008140118051,2747,10742
cic_near_iid,s_kd_qat,0,structured 50% -> KD fine-tune -> QAT,65.45,34.0,0.3468,0.9444678931565544,0.7552234294147981,0.9972996137273549,0.8595425177209874,0.06638198757763975,230,27531
cic_near_iid,s_kd_ptq_clip,0,structured 50% -> KD fine-tune -> PTQ (clipped),75.12,46.92,0.1673,0.9407892236387022,0.7430951068650866,0.9972409096779495,0.8516112214000681,0.07080407777477721,235,29365
cic_near_iid,o_qat_s_qat,0,QAT first -> structured 50% -> FT -> QAT,65.45,34.44,0.3281,0.965063641582768,0.83753414823825,0.9862632524391532,0.9058343352869181,0.03929005439604954,1170,16295
cic_near_iid,u50_ptq_clip,0,magnitude 50% -> PTQ (clipped),226.94,128.08,0.5007,0.9622571307978052,0.8230954399711526,0.9915935801251571,0.8995217859006721,0.043767601558581844,716,18152
cic_near_iid,u50_pqat,0,magnitude 50% -> sparsity-preserving QAT,206.76,89.83,0.5315,0.9694464392519438,0.8524876198928907,0.9923919551970695,0.9171350448123956,0.03526580764630994,648,14626
cic_near_iid,u80_ptq_clip,0,magnitude 80% -> PTQ (clipped),226.94,75.85,0.8,0.9548657855729743,0.7964151800931712,0.9875312599063083,0.8817359855334539,0.05184261795455422,1062,21501
cic_near_iid,u80_pqat,0,magnitude 80% -> sparsity-preserving QAT,206.76,56.5,0.8,0.9670800085615582,0.8442616380433258,0.989268899768706,0.9110312204351938,0.03747685274487867,914,15543
cic_near_iid,u80_qat,0,magnitude 80% -> standard QAT,206.76,61.15,0.7594,0.9646255618522571,0.8331112229889143,0.990865649912531,0.9051664038954492,0.04076328073762586,778,16906
cic_near_iid,su_pqat,0,structured 50% -> FT -> magnitude 50% -> PQAT,65.33,31.25,0.511,0.9619470743675349,0.8227396030522434,0.9899381259319268,0.8986278010178252,0.043801357972300455,857,18166
cic_near_iid,q_ptq,1,INT8 PTQ,226.94,149.67,0.1705,0.9205395381959517,0.6827032850412439,0.9969826118605661,0.8104411729617522,0.09515933027275182,257,39466
cic_near_iid,q_ptq_clip,1,"INT8 PTQ, clipped calibration",226.94,150.06,0.1705,0.9316035518464361,0.7137657763428236,0.9992955514071361,0.8327348863603009,0.08229813664596274,60,34132
cic_near_iid,q_qat,1,"QAT fine-tune, no pruning",206.76,98.67,0.3983,0.9592205781452224,0.8088006787351885,0.9961372735491294,0.8927470353651736,0.0483608849967208,329,20057
cic_near_iid,s_ptq,1,structured 50% -> FT -> PTQ,75.12,46.91,0.1549,0.9121460105739244,0.6615700343082731,0.9916288025548002,0.7936515394265149,0.10417711508043671,713,43206
cic_near_iid,s_ptq_clip,1,structured 50% -> FT -> PTQ (clipped),75.12,47.09,0.1549,0.9489427075727782,0.7734060594948893,0.9905369072358611,0.8686077278670633,0.05959935959260831,806,24718
cic_near_iid,s_qat,1,structured 50% -> FT -> QAT (deployed),65.45,34.42,0.3256,0.952155292263192,0.7828102348172156,0.9953388984772169,0.8763735979738461,0.05671318621966745,397,23521
cic_near_iid,s_qat_clipft,1,structured 50% -> FT -> QAT on clipped inputs,65.45,34.47,0.3339,0.9627312170815089,0.8233773302490135,0.9946109682645909,0.9009300272786732,0.04381582500675128,459,18172
cic_near_iid,s_kd_qat,1,structured 50% -> KD fine-tune -> QAT,65.45,33.96,0.3507,0.9429056088208054,0.7503470226780425,0.996419052986275,0.8560505956283602,0.06808427529802091,305,28237
cic_near_iid,s_kd_ptq_clip,1,structured 50% -> KD fine-tune -> PTQ (clipped),75.12,46.74,0.1731,0.9364024252413939,0.7291773999656534,0.9970295751000904,0.84232243729945,0.07604837776320358,253,31540
cic_near_iid,o_qat_s_qat,1,QAT first -> structured 50% -> FT -> QAT,65.45,34.44,0.3245,0.9567621307077888,0.8003459095720551,0.9942470031582779,0.8868212021091103,0.05093601712896879,490,21125
cic_near_iid,u50_ptq_clip,1,magnitude 50% -> PTQ (clipped),226.94,127.96,0.5005,0.9601387452516358,0.8129905017749208,0.9948927477017364,0.8947904732237609,0.046998572585934185,435,19492
cic_near_iid,u50_pqat,1,magnitude 50% -> sparsity-preserving QAT,206.76,89.69,0.5334,0.9621411096819621,0.8209423779394809,0.9947635987930448,0.8995328591145557,0.044558466108560624,446,18480
cic_near_iid,u80_ptq_clip,1,magnitude 80% -> PTQ (clipped),226.94,75.82,0.8,0.9521512915350594,0.7854686116418884,0.9893863078675167,0.8757131426077379,0.05549554415338914,904,23016
cic_near_iid,u80_pqat,1,magnitude 80% -> sparsity-preserving QAT,206.76,56.52,0.8,0.9581083757243818,0.8056261360283972,0.9939300012914891,0.8899260987942436,0.04924819644303846,517,20425
cic_near_iid,u80_qat,1,magnitude 80% -> standard QAT,206.76,61.93,0.7525,0.9594526203769086,0.8109364071018617,0.9936834442839867,0.893056874538356,0.04757725396396744,538,19732
cic_near_iid,su_pqat,1,structured 50% -> FT -> magnitude 50% -> PQAT,65.35,31.12,0.5121,0.9542636759890301,0.7932602249729374,0.9894215302971598,0.8805483574354258,0.05295657960726824,901,21963
cic_near_iid,q_ptq,2,INT8 PTQ,226.94,149.83,0.1705,0.9313915132554125,0.7135577141034144,0.9978983950312893,0.8321079271217803,0.0822667914046526,179,34119
cic_near_iid,q_ptq_clip,2,"INT8 PTQ, clipped calibration",226.94,150.15,0.1705,0.936810499510911,0.729674587662449,0.9993542554565414,0.8434832156571287,0.07603391072875275,55,31534
cic_near_iid,q_qat,2,"QAT fine-tune, no pruning",206.76,98.84,0.3978,0.9633713335827121,0.8252612325115293,0.995878975731746,0.9025777446729271,0.04330465645615524,351,17960
cic_near_iid,s_ptq,2,structured 50% -> FT -> PTQ,75.12,47.02,0.1556,0.9472163933835959,0.7651170761626439,0.9959376797811513,0.8654006049754899,0.06278934068901662,346,26041
cic_near_iid,s_ptq_clip,2,structured 50% -> FT -> PTQ (clipped),75.12,47.18,0.1556,0.9541216501403256,0.7913000336990302,0.9924858816761181,0.8805474971484525,0.05375708884688091,640,22295
cic_near_iid,s_qat,2,structured 50% -> FT -> QAT (deployed),65.45,34.39,0.3296,0.9545937360599629,0.7914932532054273,0.9958320124922218,0.8819819585618842,0.05387523629489603,355,22344
cic_near_iid,s_qat_clipft,2,structured 50% -> FT -> QAT on clipped inputs,65.45,34.44,0.3326,0.9560279970954714,0.7964292080647734,0.9966656099937774,0.8853671255736338,0.05231761891902319,284,21698
cic_near_iid,s_kd_qat,2,structured 50% -> KD fine-tune -> QAT,65.45,34.02,0.3484,0.9472844057618487,0.7650695796380417,0.9966303875641341,0.8656316124920331,0.06284961999922843,287,26066
cic_near_iid,s_kd_ptq_clip,2,structured 50% -> KD fine-tune -> PTQ (clipped),75.12,46.9,0.171,0.9407992254590335,0.7430808257522743,0.9973700585866413,0.8516489300376455,0.07081854480922804,224,29371
cic_near_iid,o_qat_s_qat,2,QAT first -> structured 50% -> FT -> QAT,65.45,34.42,0.3247,0.9477504905892873,0.7672250730815526,0.9953036760475737,0.8665072112681814,0.062015354345897146,400,25720
cic_near_iid,u50_ptq_clip,2,magnitude 50% -> PTQ (clipped),226.94,127.97,0.5005,0.9611089218237719,0.8161086477700084,0.9962077184084158,0.8972095039705619,0.04609920527757417,323,19119
cic_near_iid,u50_pqat,2,magnitude 50% -> sparsity-preserving QAT,206.76,89.83,0.532,0.9641314719278908,0.8284327133479212,0.9956793819637678,0.9043889069590115,0.0423474210099919,368,17563
cic_near_iid,u80_ptq_clip,2,magnitude 80% -> PTQ (clipped),226.94,75.9,0.8,0.9547577659133962,0.7945697010792789,0.9905603888556233,0.8818060672571921,0.05259490374599746,804,21813
cic_near_iid,u80_pqat,2,magnitude 80% -> sparsity-preserving QAT,206.76,56.62,0.8,0.9590445461073915,0.8085224075610616,0.9953388984772169,0.8922568490627597,0.04840910844489024,397,20077
cic_near_iid,u80_qat,2,magnitude 80% -> standard QAT,206.76,62.1,0.7542,0.9600987379703106,0.8126006441223832,0.995350639287098,0.8947393417448984,0.047140831758034026,396,19551
cic_near_iid,su_pqat,2,structured 50% -> FT -> magnitude 50% -> PQAT,65.35,31.26,0.511,0.9539356162821634,0.7889846823470327,0.9960198654503187,0.8804957030763483,0.05470709077581883,339,22689
